SEASON,#,Player,TEAM,GP,MIN,PTS,FGM,FGA,FG%,3PM,3PA,3P%,FTM,FTA,FT%,OREB,DREB,REB,AST,STL,BLK,TOV,PF,EFF,AST/TOV,STL/TOV
2010-11,1,Kevin Durant,OKC,78,3038,2161,711,1538,46.2,145,414,35.0,594,675,88.0,57,476,533,214,88,76,218,159,1946,0.98,0.40
2010-11,2,LeBron James,MIA,79,3063,2111,758,1485,51.0,92,279,33.0,503,663,75.9,80,510,590,554,124,50,284,163,2258,1.95,0.44
2010-11,3,Kobe Bryant,LAL,82,2779,2078,740,1639,45.1,115,356,32.3,483,583,82.8,83,336,419,388,99,12,243,172,1754,1.60,0.41
2010-11,4,Derrick Rose,CHI,81,3026,2026,711,1597,44.5,128,385,33.2,476,555,85.8,81,249,330,623,85,51,278,136,1872,2.24,0.31
2010-11,5,Amar'e Stoudemire,NYK,78,2870,1971,744,1482,50.2,10,23,43.5,473,597,79.2,198,438,636,202,71,150,250,274,1918,0.81,0.28
2010-11,6,Carmelo Anthony,NYK,77,2751,1970,684,1503,45.5,95,251,37.8,507,605,83.8,118,445,563,221,68,46,206,224,1745,1.07,0.33
2010-11,7,Dwyane Wade,MIA,76,2823,1941,692,1384,50.0,63,206,30.6,494,652,75.8,123,362,485,346,111,87,237,197,1883,1.46,0.47
2010-11,8,Monta Ellis,GSW,80,3227,1929,726,1611,45.1,137,379,36.1,340,431,78.9,44,237,281,450,168,23,252,203,1623,1.79,0.67
2010-11,9,Kevin Martin,HOU,80,2603,1876,553,1267,43.6,176,459,38.3,594,669,88.8,28,230,258,198,80,15,184,155,1454,1.08,0.43
2010-11,10,Blake Griffin,LAC,82,3112,1845,696,1376,50.6,7,24,29.2,446,695,64.2,270,719,989,312,63,45,223,252,2102,1.40,0.28
2010-11,11,Russell Westbrook,OKC,82,2847,1793,614,1390,44.2,34,103,33.0,531,631,84.2,121,258,379,670,155,30,316,207,1835,2.12,0.49
2010-11,12,Dwight Howard,ORL,78,2935,1784,619,1044,59.3,0,7,0.0,546,916,59.6,309,789,1098,107,107,186,279,258,2208,0.38,0.38
2010-11,13,LaMarcus Aldridge,POR,81,3211,1769,707,1415,50.0,4,23,17.4,351,444,79.1,278,431,709,170,82,94,153,220,1870,1.11,0.54
2010-11,14,Dirk Nowitzki,DAL,73,2504,1681,610,1179,51.7,66,168,39.3,395,443,89.2,50,463,513,190,38,47,137,172,1715,1.39,0.28
2010-11,15,Brook Lopez,NJN,82,2889,1673,644,1309,49.2,0,1,0.0,385,489,78.7,197,291,488,129,47,120,176,240,1512,0.73,0.27
2010-11,16,Danny Granger,IND,79,2763,1622,535,1260,42.5,157,407,38.6,395,466,84.8,87,338,425,203,89,62,206,213,1399,0.98,0.43
2010-11,17,Pau Gasol,LAL,82,3037,1541,593,1120,52.9,1,3,33.3,354,430,82.3,268,568,836,273,48,130,142,203,2083,1.92,0.34
2010-11,18,Al Jefferson,UTA,82,2940,1528,654,1319,49.6,0,0,0.0,220,289,76.1,235,559,794,149,46,153,105,238,1831,1.42,0.44
2010-11,19,Paul Pierce,BOS,80,2774,1511,507,1021,49.7,111,297,37.4,386,449,86.0,34,396,430,260,80,51,171,231,1584,1.52,0.47
2010-11,20,Zach Randolph,MEM,75,2724,1504,598,1188,50.3,8,43,18.6,300,396,75.8,326,588,914,163,63,25,151,175,1832,1.08,0.42
2010-11,21,Kevin Love,MIN,73,2611,1476,482,1026,47.0,88,211,41.7,424,499,85.0,330,782,1112,184,45,28,155,148,2071,1.19,0.29
2010-11,22,Chris Bosh,MIA,77,2795,1438,524,1056,49.6,6,25,24.0,384,471,81.5,141,500,641,144,59,49,138,172,1574,1.04,0.43
2010-11,23,Luol Deng,CHI,82,3208,1430,531,1155,46.0,115,333,34.5,253,336,75.3,116,360,476,230,78,48,156,162,1399,1.47,0.50
2010-11,24,Andrea Bargnani,TOR,66,2353,1414,525,1173,44.8,77,223,34.5,287,350,82.0,74,269,343,119,34,46,152,160,1093,0.78,0.22
2010-11,25,DeMar DeRozan,TOR,82,2851,1410,539,1154,46.7,5,52,9.6,327,402,81.3,75,240,315,148,85,31,144,217,1155,1.03,0.59
2010-11,26,Michael Beasley,MIN,73,2361,1401,561,1246,45.0,60,164,36.6,219,291,75.3,118,291,409,158,54,52,195,222,1122,0.81,0.28
2010-11,27,Manu Ginobili,SAS,80,2426,1393,441,1018,43.3,154,441,34.9,357,410,87.1,42,253,295,393,123,28,174,163,1428,2.26,0.71
2010-11,28,Stephen Curry,GSW,74,2489,1373,505,1053,48.0,151,342,44.2,212,227,93.4,52,234,286,432,109,20,226,233,1431,1.91,0.48
2010-11,29,Tony Parker,SAS,78,2528,1368,555,1069,51.9,25,70,35.7,233,303,76.9,30,208,238,513,90,3,200,135,1428,2.56,0.45
2010-11,30,Luis Scola,HOU,74,2412,1352,569,1129,50.4,0,3,0.0,214,290,73.8,147,459,606,185,48,44,147,227,1452,1.26,0.33
2010-11,31,Dorell Wright,GSW,82,3147,1344,485,1146,42.3,194,516,37.6,180,228,78.9,88,343,431,242,124,63,133,171,1362,1.82,0.93
2010-11,32,David West,NOH,70,2451,1322,528,1040,50.8,2,9,22.2,264,327,80.7,155,374,529,164,67,62,142,202,1427,1.16,0.47
2010-11,33,Ray Allen,BOS,80,2890,1321,480,978,49.1,168,378,44.4,193,219,88.1,51,223,274,219,77,16,117,147,1266,1.87,0.66
2010-11,34,Paul Millsap,UTA,76,2605,1315,525,988,53.1,9,23,39.1,256,338,75.7,164,415,579,187,103,69,145,272,1563,1.29,0.71
2010-11,35,Joe Johnson,ATL,72,2554,1312,514,1161,44.3,89,300,29.7,195,243,80.2,59,232,291,338,47,7,146,131,1154,2.31,0.32
2010-11,36,Deron Williams,NJN,65,2465,1309,428,975,43.9,105,317,33.1,348,412,84.5,40,220,260,667,79,15,230,190,1489,2.90,0.34
2010-11,37,Wesley Matthews,POR,82,2758,1300,440,979,44.9,154,378,40.7,266,315,84.4,48,210,258,164,102,9,138,195,1107,1.19,0.74
2010-11,38,Jason Terry,DAL,82,2564,1293,492,1091,45.1,127,351,36.2,182,214,85.0,24,129,153,334,93,13,167,140,1088,2.00,0.56
2010-11,39,Josh Smith,ATL,77,2645,1274,497,1041,47.7,51,154,33.1,229,316,72.5,134,523,657,255,99,120,197,217,1577,1.29,0.50
2010-11,40,Chris Paul,NOH,80,2880,1268,430,928,46.3,71,183,38.8,337,384,87.8,38,289,327,782,188,5,177,196,1848,4.42,1.06
2010-11,41,Jason Richardson,ORL,80,2715,1249,472,1056,44.7,189,479,39.5,116,159,73.0,67,264,331,147,93,13,95,162,1111,1.55,0.98
2010-11,42,Eric Gordon,LAC,56,2112,1247,427,949,45.0,106,291,36.4,287,348,82.5,45,119,164,244,71,18,151,115,1010,1.62,0.47
2010-11,43,Stephen Jackson,CHA,67,2405,1240,435,1059,41.1,121,359,33.7,249,305,81.6,53,251,304,241,80,28,209,161,1004,1.15,0.38
2010-11,44,Elton Brand,PHI,81,2809,1217,502,981,51.2,0,1,0.0,213,273,78.0,237,439,676,120,92,106,101,244,1571,1.19,0.91
2010-11,45,Chauncey Billups,NYK,72,2310,1208,339,794,42.7,146,363,40.2,384,419,91.6,25,165,190,387,71,14,177,146,1203,2.19,0.40
2010-11,46,David Lee,GSW,73,2634,1203,496,978,50.7,1,3,33.3,210,267,78.7,217,497,714,233,74,31,170,211,1546,1.37,0.43
2010-11,47,Lamar Odom,LAL,82,2639,1180,473,893,53.0,68,178,38.2,166,246,67.5,175,535,710,249,47,61,139,200,1608,1.79,0.34
2010-11,48,Al Horford,ATL,77,2704,1178,513,921,55.7,2,4,50.0,150,188,79.8,182,536,718,266,59,80,119,193,1736,2.23,0.50
2010-11,48,D.J. Augustin,CHA,82,2757,1178,399,958,41.6,111,333,33.3,269,297,90.6,38,187,225,498,54,3,155,152,1216,3.21,0.35
2010-11,50,Raymond Felton,DEN,75,2737,1164,427,1005,42.5,116,329,35.3,194,241,80.5,48,221,269,625,125,11,221,150,1348,2.83,0.57
2011-12,1,Kevin Durant,OKC,66,2546,1850,643,1297,49.6,133,344,38.7,431,501,86.0,40,487,527,231,88,77,248,133,1801,0.93,0.35
2011-12,2,LeBron James,MIA,62,2326,1683,621,1169,53.1,54,149,36.2,387,502,77.1,94,398,492,387,115,50,213,96,1851,1.82,0.54
2011-12,3,Kobe Bryant,LAL,58,2232,1616,574,1336,43.0,87,287,30.3,381,451,84.5,66,247,313,264,69,18,204,105,1244,1.29,0.34
2011-12,4,Russell Westbrook,OKC,66,2331,1558,578,1266,45.7,62,196,31.6,340,413,82.3,96,205,301,362,112,21,239,147,1354,1.51,0.47
2011-12,5,Kevin Love,MIN,55,2145,1432,474,1059,44.8,105,282,37.2,379,460,82.4,226,508,734,111,47,28,128,152,1558,0.87,0.37
2011-12,6,Blake Griffin,LAC,66,2392,1368,561,1022,54.9,2,16,12.5,244,468,52.1,218,499,717,210,54,48,150,216,1562,1.40,0.36
2011-12,7,Dirk Nowitzki,DAL,62,2079,1342,473,1034,45.7,78,212,36.8,318,355,89.6,46,372,418,136,42,30,117,129,1253,1.16,0.36
2011-12,8,Brandon Jennings,MIL,66,2331,1260,469,1121,41.8,129,388,33.2,193,239,80.8,49,177,226,365,104,22,146,114,1133,2.50,0.71
2011-12,9,Carmelo Anthony,NYK,55,1876,1245,441,1025,43.0,68,203,33.5,295,367,80.4,88,256,344,200,62,24,144,156,1075,1.39,0.43
2011-12,10,Josh Smith,ATL,66,2329,1239,504,1101,45.8,28,109,25.7,203,322,63.0,136,496,632,257,93,115,164,172,1456,1.57,0.57
2011-12,11,Rudy Gay,MEM,65,2422,1232,485,1067,45.5,54,173,31.2,208,263,79.1,130,287,417,147,95,55,161,138,1148,0.91,0.59
2011-12,12,LaMarcus Aldridge,POR,55,1994,1191,483,943,51.2,2,11,18.2,223,274,81.4,150,292,442,134,51,45,111,153,1241,1.21,0.46
2011-12,13,Chris Paul,LAC,60,2181,1189,425,890,47.8,79,213,37.1,260,302,86.1,42,171,213,543,152,4,124,138,1470,4.38,1.23
2011-12,14,Monta Ellis,MIL,58,2120,1181,450,1040,43.3,62,201,30.8,219,275,79.6,20,180,200,346,85,18,177,136,1007,1.96,0.48
2011-12,14,Paul Pierce,BOS,61,2075,1181,394,890,44.3,100,273,36.6,293,344,85.2,37,280,317,274,70,26,173,147,1148,1.58,0.41
2011-12,16,Al Jefferson,UTA,61,2075,1170,516,1048,49.2,1,4,25.0,137,177,77.4,133,452,585,134,47,101,62,155,1403,2.16,0.76
2011-12,17,DeMarcus Cousins,SAC,64,1950,1160,448,999,44.8,2,14,14.3,262,373,70.2,265,438,703,102,93,75,170,257,1301,0.60,0.55
2011-12,18,Danny Granger,IND,62,2062,1159,391,941,41.6,123,323,38.1,254,291,87.3,79,228,307,109,62,40,110,144,980,0.99,0.56
2011-12,19,Deron Williams,NJN,55,1999,1154,391,961,40.7,115,342,33.6,257,305,84.3,23,160,183,481,67,20,219,121,1068,2.20,0.31
2011-12,20,David Lee,GSW,57,2121,1147,464,922,50.3,0,5,0.0,219,280,78.2,171,374,545,162,54,22,149,179,1262,1.09,0.36
2011-12,21,Joe Johnson,ATL,60,2127,1129,423,931,45.4,125,322,38.8,158,186,84.9,53,168,221,232,48,13,116,75,991,2.00,0.41
2011-12,21,Pau Gasol,LAL,65,2430,1129,459,917,50.1,7,27,25.9,204,261,78.2,183,495,678,237,37,88,142,127,1512,1.67,0.26
2011-12,23,Andrew Bynum,LAL,60,2112,1123,444,796,55.8,1,5,20.0,234,338,69.2,192,517,709,85,27,116,152,104,1452,0.56,0.18
2011-12,24,Antawn Jamison,CLE,65,2151,1118,421,1044,40.3,91,267,34.1,185,271,68.3,123,285,408,131,51,43,90,164,952,1.46,0.57
2011-12,25,Dwight Howard,ORL,54,2070,1113,416,726,57.3,0,7,0.0,281,572,49.1,200,585,785,104,81,116,175,159,1423,0.59,0.46
2011-12,26,Tony Parker,SAS,60,1923,1095,427,890,48.0,14,61,23.0,227,284,79.9,22,149,171,463,57,5,153,75,1118,3.03,0.37
2011-12,27,Dwyane Wade,MIA,49,1625,1082,416,837,49.7,15,56,26.8,235,297,79.1,73,164,237,225,82,63,129,110,1077,1.74,0.64
2011-12,28,John Wall,WAS,66,2386,1076,378,894,42.3,3,42,7.1,317,402,78.9,48,252,300,530,95,57,255,137,1202,2.08,0.37
2011-12,29,Paul Millsap,UTA,64,2100,1061,426,861,49.5,7,31,22.6,202,255,79.2,180,383,563,150,118,52,112,222,1344,1.34,1.05
2011-12,30,DeMar DeRozan,TOR,63,2206,1054,381,903,42.2,24,92,26.1,268,331,81.0,40,171,211,128,48,17,123,162,750,1.04,0.39
2011-12,31,James Harden,OKC,62,1946,1044,309,629,49.1,114,292,39.0,312,369,84.6,30,222,252,229,62,15,137,150,1088,1.67,0.45
2011-12,32,Tyreke Evans,SAC,63,2162,1037,408,900,45.3,20,99,20.2,201,258,77.9,64,225,289,283,84,29,171,136,1002,1.66,0.49
2011-12,33,Chris Bosh,MIA,57,2007,1025,393,807,48.7,10,35,28.6,229,279,82.1,94,358,452,103,51,45,117,128,1095,0.88,0.44
2011-12,33,Luis Scola,HOU,66,2067,1025,436,888,49.1,0,3,0.0,153,198,77.3,122,306,428,140,35,24,153,214,1002,0.92,0.23
2011-12,35,Marcin Gortat,PHX,66,2114,1017,427,769,55.5,0,2,0.0,163,251,64.9,185,474,659,59,48,99,90,142,1362,0.66,0.53
2011-12,36,Greg Monroe,DET,66,2082,1015,407,781,52.1,0,1,0.0,201,272,73.9,239,398,637,152,83,46,161,180,1327,0.94,0.52
2011-12,37,Ty Lawson,DEN,61,2124,999,374,767,48.8,73,200,36.5,178,216,82.4,54,173,227,401,82,6,149,94,1135,2.69,0.55
2011-12,38,Carlos Boozer,CHI,66,1948,991,448,842,53.2,0,1,0.0,95,137,69.3,114,450,564,125,63,24,115,168,1216,1.09,0.55
2011-12,39,Ryan Anderson,ORL,61,1964,980,332,757,43.9,166,422,39.3,150,171,87.7,224,247,471,54,50,26,57,146,1078,0.95,0.88
2011-12,40,Lou Williams,PHI,64,1682,956,318,782,40.7,83,229,36.2,237,292,81.2,30,125,155,221,53,18,71,90,813,3.11,0.75
2011-12,41,Marc Gasol,MEM,65,2370,952,357,740,48.2,1,12,8.3,237,317,74.8,120,459,579,204,62,121,121,201,1334,1.69,0.51
2011-12,41,Marcus Thornton,SAC,51,1780,952,352,803,43.8,107,310,34.5,141,163,86.5,84,104,188,98,71,12,84,111,764,1.17,0.84
2011-12,43,Jason Terry,DAL,63,2000,950,357,830,43.0,138,365,37.8,98,111,88.3,16,133,149,226,73,11,127,69,796,1.78,0.57
2011-12,44,Kevin Garnett,BOS,60,1864,947,391,777,50.3,3,9,33.3,162,189,85.7,66,428,494,175,56,61,107,141,1213,1.64,0.52
2011-12,45,Kyrie Irving,CLE,51,1558,944,350,747,46.9,73,183,39.9,171,196,87.2,44,147,191,275,54,20,160,110,902,1.72,0.34
2011-12,46,Arron Afflalo,DEN,62,2086,943,329,699,47.1,88,221,39.8,197,247,79.8,40,157,197,149,36,13,85,134,833,1.75,0.42
2011-12,47,Jordan Crawford,WAS,64,1753,938,349,872,40.0,79,273,28.9,161,203,79.3,44,124,168,190,59,5,141,111,654,1.35,0.42
2011-12,48,Al Harrington,DEN,64,1761,910,345,773,44.6,101,303,33.3,119,176,67.6,72,318,390,88,58,12,112,181,861,0.79,0.52
2011-12,49,Wesley Matthews,POR,66,2228,904,314,763,41.2,129,337,38.3,147,171,86.0,56,168,224,113,96,15,73,148,806,1.55,1.31
2011-12,50,Tim Duncan,SAS,58,1634,895,361,733,49.2,0,4,0.0,173,249,69.5,110,410,520,132,38,88,97,98,1128,1.36,0.39
2012-13,1,Kevin Durant,OKC,81,3119,2280,731,1433,51.0,139,334,41.6,679,750,90.5,46,594,640,374,116,105,280,143,2462,1.34,0.41
2012-13,2,Kobe Bryant,LAL,78,3013,2133,738,1595,46.3,132,407,32.4,525,626,83.9,66,367,433,469,106,25,287,173,1921,1.63,0.37
2012-13,3,LeBron James,MIA,76,2877,2036,765,1354,56.5,103,254,40.6,403,535,75.3,97,513,610,551,129,67,226,110,2446,2.44,0.57
2012-13,4,James Harden,HOU,78,2985,2023,585,1337,43.8,179,486,36.8,674,792,85.1,62,317,379,455,142,38,295,178,1872,1.54,0.48
2012-13,5,Carmelo Anthony,NYK,67,2482,1920,669,1489,44.9,157,414,37.9,425,512,83.0,134,326,460,171,52,32,175,205,1553,0.98,0.30
2012-13,6,Russell Westbrook,OKC,82,2861,1903,673,1535,43.8,97,300,32.3,460,575,80.0,111,317,428,607,145,24,273,189,1857,2.22,0.53
2012-13,7,Stephen Curry,GSW,78,2983,1786,626,1388,45.1,272,600,45.3,262,291,90.0,59,255,314,539,126,12,240,198,1746,2.25,0.53
2012-13,8,Monta Ellis,MIL,82,3076,1577,597,1436,41.6,94,328,28.7,289,374,77.3,45,271,316,496,169,36,254,164,1416,1.95,0.67
2012-13,9,Damian Lillard,POR,82,3167,1562,553,1288,42.9,185,503,36.8,271,321,84.4,42,215,257,531,74,19,243,172,1415,2.19,0.30
2012-13,10,LaMarcus Aldridge,POR,74,2790,1560,638,1318,48.4,2,14,14.3,282,348,81.0,175,495,670,192,62,91,143,187,1686,1.34,0.43
2012-13,11,DeMar DeRozan,TOR,82,3013,1485,548,1231,44.5,34,120,28.3,355,427,83.1,48,272,320,204,76,24,151,173,1203,1.35,0.50
2012-13,12,Deron Williams,BKN,78,2842,1476,495,1124,44.0,169,447,37.8,317,369,85.9,29,203,232,604,75,30,218,194,1518,2.77,0.34
2012-13,13,Dwyane Wade,MIA,69,2391,1463,569,1093,52.1,17,66,25.8,308,425,72.5,86,258,344,352,128,56,194,140,1508,1.81,0.66
2012-13,14,David Lee,GSW,79,2907,1459,602,1160,51.9,0,4,0.0,255,320,79.7,218,668,886,279,67,22,207,246,1883,1.35,0.32
2012-13,15,Kemba Walker,CHA,82,2859,1455,526,1244,42.3,107,332,32.2,296,371,79.8,60,223,283,471,160,31,200,153,1407,2.35,0.80
2012-13,16,JR Smith,NYK,80,2678,1446,527,1249,42.2,155,436,35.6,237,311,76.2,64,361,425,218,100,24,134,226,1283,1.63,0.75
2012-13,17,Blake Griffin,LAC,80,2598,1440,577,1072,53.8,5,28,17.9,281,426,66.0,186,476,662,299,97,50,185,231,1723,1.62,0.52
2012-13,18,Brook Lopez,BKN,74,2253,1437,570,1094,52.1,0,1,0.0,297,392,75.8,208,304,512,70,33,154,131,152,1456,0.53,0.25
2012-13,19,Paul Pierce,BOS,77,2575,1430,476,1092,43.6,145,382,38.0,333,423,78.7,45,442,487,370,84,30,214,210,1481,1.73,0.39
2012-13,20,Brandon Jennings,MIL,80,2897,1397,497,1247,39.9,173,461,37.5,230,281,81.9,59,187,246,521,125,10,203,155,1295,2.57,0.62
2012-13,21,Al Jefferson,UTA,78,2578,1391,611,1236,49.4,2,17,11.8,167,217,77.0,156,564,720,164,80,89,105,170,1664,1.56,0.76
2012-13,22,Jrue Holiday,PHI,78,2926,1383,555,1288,43.1,91,247,36.8,182,242,75.2,89,240,329,625,123,32,292,170,1407,2.14,0.42
2012-13,23,Paul George,IND,79,2972,1377,493,1176,41.9,170,469,36.2,221,274,80.7,88,515,603,327,143,51,233,227,1532,1.40,0.61
2012-13,24,Rudy Gay,TOR,75,2687,1366,521,1253,41.6,84,260,32.3,240,295,81.4,99,362,461,202,113,53,198,182,1210,1.02,0.57
2012-13,25,Klay Thompson,GSW,82,2936,1359,508,1205,42.2,211,526,40.1,132,157,84.1,32,274,306,183,86,45,157,237,1100,1.17,0.55
2012-13,26,Tony Parker,SAS,66,2174,1341,519,995,52.2,24,68,35.3,279,330,84.5,18,180,198,499,54,6,170,92,1401,2.94,0.32
2012-13,27,Josh Smith,ATL,76,2683,1327,550,1182,46.5,61,201,30.3,166,321,51.7,133,506,639,321,94,136,226,175,1504,1.42,0.42
2012-13,28,Kyrie Irving,CLE,59,2048,1325,484,1070,45.2,109,279,39.1,248,290,85.5,34,182,216,350,89,21,191,146,1182,1.83,0.47
2012-13,29,Ryan Anderson,NOH,81,2503,1309,472,1115,42.3,213,557,38.2,152,180,84.4,191,328,519,97,42,31,97,179,1230,1.00,0.43
2012-13,30,Greg Monroe,DET,81,2687,1298,514,1058,48.6,0,4,0.0,270,392,68.9,236,541,777,281,105,55,234,190,1616,1.20,0.45
2012-13,31,Dwight Howard,LAL,76,2722,1296,470,813,57.8,1,6,16.7,355,721,49.2,251,694,945,108,84,186,225,291,1685,0.48,0.37
2012-13,32,Al Horford,ATL,74,2756,1289,576,1060,54.3,3,6,50.0,134,208,64.4,195,562,757,240,78,78,147,163,1737,1.63,0.53
2012-13,33,Carlos Boozer,CHI,79,2546,1281,544,1140,47.7,0,2,0.0,193,264,73.1,175,596,771,179,66,28,176,239,1482,1.02,0.38
2012-13,34,DeMarcus Cousins,SAC,75,2289,1280,482,1036,46.5,4,22,18.2,312,423,73.8,222,524,746,199,108,55,225,269,1498,0.88,0.48
2012-13,35,Jamal Crawford,LAC,76,2230,1255,445,1016,43.8,149,396,37.6,216,248,87.1,22,106,128,193,79,13,146,71,919,1.32,0.54
2012-13,35,O.J. Mayo,DAL,82,2913,1255,461,1026,44.9,142,349,40.7,191,233,82.0,36,255,291,361,93,23,210,195,1206,1.72,0.44
2012-13,37,David West,IND,73,2435,1250,502,1009,49.8,4,19,21.1,242,315,76.8,145,418,563,213,74,69,157,149,1432,1.36,0.47
2012-13,38,Luol Deng,CHI,75,2903,1237,466,1093,42.6,75,233,32.2,230,282,81.6,162,314,476,222,81,32,144,105,1225,1.54,0.56
2012-13,39,Chris Bosh,MIA,74,2454,1232,485,907,53.5,21,74,28.4,241,302,79.8,131,370,501,123,66,101,128,168,1412,0.96,0.52
2012-13,40,Tim Duncan,SAS,69,2078,1227,490,976,50.2,2,7,28.6,245,300,81.7,124,562,686,184,50,183,147,117,1642,1.25,0.34
2012-13,41,Ty Lawson,DEN,73,2513,1216,448,971,46.1,85,232,36.6,235,311,75.6,36,162,198,501,107,8,182,135,1249,2.75,0.59
2012-13,42,Chris Paul,LAC,70,2335,1186,412,856,48.1,76,232,32.8,286,323,88.5,53,209,262,678,169,10,159,143,1665,4.26,1.06
2012-13,43,Chandler Parsons,HOU,76,2758,1177,456,939,48.6,152,395,38.5,113,155,72.9,79,325,404,269,75,32,147,148,1285,1.83,0.51
2012-13,44,Joe Johnson,BKN,72,2642,1170,445,1052,42.3,148,395,37.5,132,161,82.0,53,165,218,253,49,14,123,99,945,2.06,0.40
2012-13,45,Zach Randolph,MEM,76,2607,1169,471,1024,46.0,2,23,8.7,225,300,75.0,310,544,854,108,61,31,150,180,1445,0.72,0.41
2012-13,46,Mike Conley,MEM,80,2757,1168,414,940,44.0,106,293,36.2,234,282,83.0,43,182,225,487,174,24,189,171,1315,2.58,0.92
2012-13,47,Jeff Teague,ATL,80,2628,1166,439,974,45.1,89,248,35.9,199,226,88.1,25,155,180,579,117,28,230,181,1278,2.52,0.51
2012-13,48,Danilo Gallinari,DEN,71,2309,1149,364,871,41.8,135,362,37.3,286,348,82.2,65,302,367,176,64,36,111,130,1112,1.59,0.58
2012-13,49,Paul Millsap,UTA,78,2375,1135,429,875,49.0,13,39,33.3,264,356,74.2,177,377,554,201,102,80,138,232,1396,1.46,0.74
2012-13,50,Goran Dragic,PHX,77,2581,1134,401,906,44.3,88,276,31.9,244,326,74.8,60,178,238,569,124,26,212,214,1292,2.68,0.58
2013-14,1,Kevin Durant,OKC,81,3122,2593,849,1688,50.3,192,491,39.1,703,805,87.3,58,540,598,445,103,59,285,174,2572,1.56,0.36
2013-14,2,Carmelo Anthony,NYK,77,2982,2112,743,1643,45.2,167,415,40.2,459,541,84.8,145,477,622,242,95,51,198,224,1942,1.22,0.48
2013-14,3,LeBron James,MIA,77,2902,2089,767,1353,56.7,116,306,37.9,439,585,75.0,81,452,533,488,121,26,270,126,2255,1.81,0.45
2013-14,4,Kevin Love,MIN,77,2797,2010,650,1421,45.7,190,505,37.6,520,633,82.1,224,739,963,341,59,35,196,136,2328,1.74,0.30
2013-14,5,Blake Griffin,LAC,80,2863,1930,718,1359,52.8,12,44,27.3,482,674,71.5,192,565,757,309,92,51,224,265,2082,1.38,0.41
2013-14,6,Stephen Curry,GSW,78,2846,1873,652,1383,47.1,261,615,42.4,308,348,88.5,46,288,334,666,128,14,294,194,1950,2.27,0.43
2013-14,7,James Harden,HOU,73,2777,1851,549,1205,45.6,177,483,36.6,576,665,86.6,61,283,344,446,115,29,265,177,1775,1.68,0.43
2013-14,8,DeMar DeRozan,TOR,79,3017,1791,604,1407,42.9,64,210,30.5,519,630,82.4,51,292,343,313,86,28,176,197,1471,1.78,0.49
2013-14,9,Paul George,IND,80,2898,1737,577,1362,42.4,182,500,36.4,401,464,86.4,64,478,542,283,151,22,224,198,1663,1.26,0.67
2013-14,10,Dirk Nowitzki,DAL,80,2628,1735,633,1273,49.7,131,329,39.8,338,376,89.9,40,458,498,216,73,45,117,165,1772,1.85,0.62
2013-14,11,Damian Lillard,POR,82,2937,1695,553,1304,42.4,218,554,39.4,371,426,87.1,35,253,288,457,64,22,193,197,1527,2.37,0.33
2013-14,12,DeMarcus Cousins,SAC,71,2298,1614,591,1191,49.6,0,7,0.0,432,595,72.6,218,613,831,207,109,91,251,270,1838,0.82,0.43
2013-14,13,LaMarcus Aldridge,POR,69,2499,1603,652,1423,45.8,3,15,20.0,296,360,82.2,166,599,765,178,63,68,123,147,1719,1.45,0.51
2013-14,14,Al Jefferson,CHA,73,2553,1594,700,1376,50.9,3,15,20.0,191,277,69.0,156,636,792,155,67,79,124,176,1801,1.25,0.54
2013-14,15,John Wall,WAS,82,2980,1583,579,1337,43.3,108,308,35.1,317,394,80.5,38,295,333,721,149,40,295,219,1696,2.44,0.51
2013-14,16,Monta Ellis,DAL,82,3023,1560,576,1278,45.1,69,209,33.0,339,430,78.8,38,257,295,471,141,23,264,197,1433,1.78,0.53
2013-14,17,Goran Dragic,PHX,76,2668,1542,552,1093,50.5,122,299,40.8,316,416,76.0,69,176,245,447,104,22,213,206,1506,2.10,0.49
2013-14,18,Klay Thompson,GSW,81,2868,1488,559,1259,44.4,223,535,41.7,147,185,79.5,38,211,249,181,74,37,135,234,1156,1.34,0.55
2013-14,19,Kyrie Irving,CLE,71,2496,1478,532,1237,43.0,123,344,35.8,291,338,86.1,52,207,259,433,108,23,190,163,1359,2.28,0.57
2013-14,20,Isaiah Thomas,SAC,72,2497,1465,496,1096,45.3,127,364,34.9,346,407,85.0,47,163,210,454,93,8,213,185,1356,2.13,0.44
2013-14,21,Rudy Gay,SAC,73,2531,1457,537,1179,45.5,65,197,33.0,318,387,82.2,113,324,437,209,95,56,224,171,1319,0.93,0.42
2013-14,22,Kyle Lowry,TOR,79,2862,1417,457,1080,42.3,190,500,38.0,313,385,81.3,88,281,369,586,121,15,194,267,1619,3.02,0.62
2013-14,22,Thaddeus Young,PHI,79,2718,1417,582,1283,45.4,90,292,30.8,163,229,71.2,166,310,476,182,167,36,165,213,1346,1.10,1.01
2013-14,24,Anthony Davis,NOP,67,2358,1394,522,1005,51.9,2,9,22.2,348,440,79.1,207,466,673,105,89,189,109,200,1766,0.96,0.82
2013-14,25,Jeff Green,BOS,82,2805,1382,482,1171,41.2,135,396,34.1,283,356,79.5,54,326,380,138,57,47,165,180,1077,0.84,0.34
2013-14,26,Zach Randolph,MEM,79,2705,1372,560,1198,46.7,2,20,10.0,250,337,74.2,265,530,795,200,54,23,183,210,1536,1.09,0.29
2013-14,27,Wesley Matthews,POR,82,2780,1343,445,1009,44.1,201,511,39.3,252,301,83.7,51,238,289,197,76,14,110,176,1196,1.79,0.69
2013-14,28,Arron Afflalo,ORL,73,2552,1330,464,1011,45.9,128,300,42.7,274,336,81.5,32,230,262,248,35,3,146,136,1123,1.70,0.24
2013-14,29,Paul Millsap,ATL,74,2482,1328,483,1047,46.1,76,212,35.8,286,391,73.1,154,473,627,232,129,78,185,210,1540,1.25,0.70
2013-14,30,Jeff Teague,ATL,79,2542,1304,456,1040,43.8,74,225,32.9,318,376,84.6,34,174,208,528,89,17,232,158,1272,2.28,0.38
2013-14,31,Kevin Martin,MIN,68,2177,1298,440,1023,43.0,115,297,38.7,303,340,89.1,34,169,203,121,66,6,106,123,968,1.14,0.62
2013-14,32,Dwight Howard,HOU,71,2396,1297,473,800,59.1,2,7,28.6,349,638,54.7,231,635,866,131,60,128,229,240,1637,0.57,0.26
2013-14,33,Gerald Green,PHX,82,2330,1295,448,1006,44.5,204,510,40.0,195,230,84.8,48,227,275,122,70,42,145,220,1066,0.84,0.48
2013-14,34,Brandon Knight,MIL,72,2400,1291,461,1092,42.2,110,338,32.5,259,323,80.2,46,209,255,352,69,17,188,146,1101,1.87,0.37
2013-14,35,Kemba Walker,CHA,73,2614,1289,449,1143,39.3,109,327,33.3,282,337,83.7,39,267,306,447,86,32,169,128,1242,2.65,0.51
2013-14,36,Jamal Crawford,LAC,69,2094,1282,421,1011,41.6,161,446,36.1,279,322,86.6,34,124,158,223,59,12,135,120,966,1.65,0.44
2013-14,37,Chris Bosh,MIA,79,2531,1281,492,953,51.6,74,218,33.9,223,272,82.0,98,424,522,87,80,78,125,192,1413,0.70,0.64
2013-14,38,Josh Smith,DET,77,2730,1264,517,1233,41.9,70,265,26.4,160,301,53.2,102,418,520,252,105,110,199,197,1195,1.27,0.53
2013-14,39,David Lee,GSW,69,2288,1257,513,981,52.3,0,1,0.0,231,296,78.0,182,461,643,147,48,26,152,206,1436,0.97,0.32
2013-14,40,Mike Conley,MEM,73,2446,1256,463,1030,45.0,105,291,36.1,225,276,81.5,41,172,213,441,110,13,150,141,1265,2.94,0.73
2013-14,41,Bradley Beal,WAS,73,2530,1249,481,1149,41.9,138,343,40.2,149,189,78.8,54,219,273,243,71,18,128,153,1018,1.90,0.56
2013-14,41,Greg Monroe,DET,82,2690,1249,504,1015,49.7,0,1,0.0,241,367,65.7,256,504,760,171,91,47,166,205,1515,1.03,0.55
2013-14,43,Gordon Hayward,UTA,77,2800,1248,426,1032,41.3,85,280,30.4,311,381,81.6,62,329,391,400,110,40,212,155,1301,1.89,0.52
2013-14,44,Joe Johnson,BKN,79,2575,1245,462,1018,45.4,162,404,40.1,159,195,81.5,48,222,270,216,47,10,120,129,1076,1.80,0.39
2013-14,45,Brandon Jennings,DET,80,2728,1241,423,1135,37.3,154,457,33.7,241,321,75.1,59,185,244,609,101,8,215,157,1196,2.83,0.47
2013-14,46,Serge Ibaka,OKC,81,2666,1227,524,978,53.6,23,60,38.3,156,199,78.4,224,485,709,85,39,219,123,233,1659,0.69,0.32
2013-14,47,Chandler Parsons,HOU,74,2783,1226,466,987,47.2,130,351,37.0,164,221,74.2,69,340,409,298,88,29,144,168,1328,2.07,0.61
2013-14,48,Jodie Meeks,LAL,77,2556,1209,413,892,46.3,162,404,40.1,221,258,85.7,30,164,194,138,111,4,111,119,1029,1.24,1.00
2013-14,49,Chris Paul,LAC,62,2171,1185,406,870,46.7,78,212,36.8,295,345,85.5,38,230,268,663,154,4,145,157,1615,4.57,1.06
2013-14,50,Michael Carter-Williams,PHI,70,2414,1167,427,1054,40.5,55,208,26.4,258,367,70.3,101,336,437,441,130,43,247,213,1235,1.78,0.53
2014-15,1,James Harden,HOU,81,2981,2217,647,1470,44.0,208,555,37.5,715,824,86.8,75,384,459,565,154,60,321,208,2202,1.76,0.48
2014-15,2,Stephen Curry,GSW,80,2613,1900,653,1341,48.7,286,646,44.3,308,337,91.4,56,285,341,619,163,16,249,158,2073,2.49,0.66
2014-15,3,Russell Westbrook,OKC,67,2302,1886,627,1471,42.6,86,288,29.9,546,654,83.5,124,364,488,574,140,14,293,184,1857,1.96,0.48
2014-15,4,LeBron James,CLE,69,2493,1743,624,1279,48.8,120,339,35.4,375,528,71.0,51,365,416,511,109,49,272,135,1748,1.88,0.40
2014-15,5,Damian Lillard,POR,82,2925,1720,590,1360,43.4,196,572,34.3,344,398,86.4,49,329,378,507,97,21,222,164,1677,2.28,0.44
2014-15,6,Klay Thompson,GSW,77,2455,1668,602,1299,46.3,239,545,43.9,225,256,87.9,27,220,247,222,87,60,149,122,1407,1.49,0.58
2014-15,7,LaMarcus Aldridge,POR,71,2512,1661,659,1415,46.6,37,105,35.2,306,362,84.5,177,549,726,124,48,68,122,125,1693,1.02,0.39
2014-15,8,Anthony Davis,NOP,68,2455,1656,642,1199,53.5,1,12,8.3,371,461,80.5,173,523,696,149,100,200,95,141,2059,1.57,1.05
2014-15,9,Kyrie Irving,CLE,75,2730,1628,578,1235,46.8,157,378,41.5,315,365,86.3,55,182,237,389,114,20,186,146,1495,2.09,0.61
2014-15,10,Chris Paul,LAC,82,2857,1564,568,1170,48.5,139,349,39.8,289,321,90.0,52,324,376,838,156,15,190,203,2125,4.41,0.82
2014-15,11,Monta Ellis,DAL,80,2699,1513,602,1354,44.5,81,284,28.5,228,303,75.2,34,156,190,329,148,25,198,197,1180,1.66,0.75
2014-15,12,Blake Griffin,LAC,67,2356,1469,574,1144,50.2,10,25,40.0,311,427,72.8,126,382,508,354,63,35,152,196,1591,2.33,0.41
2014-15,13,Gordon Hayward,UTA,76,2618,1463,484,1087,44.5,120,330,36.4,375,462,81.2,54,319,373,313,108,30,206,131,1391,1.52,0.52
2014-15,14,Pau Gasol,CHI,78,2681,1446,570,1153,49.4,12,26,46.2,294,366,80.3,220,699,919,210,25,147,158,147,1934,1.33,0.16
2014-15,15,Rudy Gay,SAC,68,2408,1432,508,1116,45.5,79,220,35.9,337,393,85.8,98,301,399,250,71,41,183,157,1346,1.37,0.39
2014-15,16,Nikola Vucevic,ORL,74,2529,1428,631,1206,52.3,2,6,33.3,164,218,75.2,238,572,810,147,54,54,148,220,1716,0.99,0.36
2014-15,17,DeMarcus Cousins,SAC,59,2013,1421,498,1066,46.7,2,8,25.0,423,541,78.2,185,562,747,210,90,103,254,241,1631,0.83,0.35
2014-15,18,Marc Gasol,MEM,81,2687,1413,530,1072,49.4,3,17,17.6,350,440,79.5,115,515,630,307,70,131,176,208,1743,1.74,0.40
2014-15,19,Andrew Wiggins,MIN,82,2969,1387,497,1137,43.7,39,126,31.0,354,466,76.0,134,240,374,170,86,50,177,190,1138,0.96,0.49
2014-15,19,John Wall,WAS,79,2837,1387,519,1166,44.5,65,217,30.0,284,362,78.5,36,330,366,792,138,45,304,180,1699,2.60,0.45
2014-15,21,Eric Bledsoe,PHX,81,2800,1377,468,1046,44.7,88,272,32.4,353,441,80.0,72,351,423,493,127,45,274,189,1525,1.80,0.46
2014-15,22,Dirk Nowitzki,DAL,77,2282,1333,487,1062,45.9,104,274,38.0,255,289,88.2,44,413,457,143,39,33,82,160,1314,1.74,0.48
2014-15,23,Dwyane Wade,MIA,62,1971,1331,509,1084,47.0,29,102,28.4,284,370,76.8,58,161,219,299,73,21,209,105,1073,1.43,0.35
2014-15,24,Tyreke Evans,NOP,79,2690,1313,521,1165,44.7,69,227,30.4,202,291,69.4,82,334,416,521,100,37,246,198,1408,2.12,0.41
2014-15,25,Jimmy Butler,CHI,65,2513,1301,421,912,46.2,73,193,37.8,386,463,83.4,114,265,379,212,114,36,93,108,1381,2.28,1.23
2014-15,26,Victor Oladipo,ORL,72,2573,1292,473,1086,43.6,84,248,33.9,262,320,81.9,51,251,302,295,120,19,204,187,1153,1.45,0.59
2014-15,27,JJ Redick,LAC,78,2409,1277,447,938,47.7,200,458,43.7,183,203,90.1,22,145,167,137,39,8,95,134,1022,1.44,0.41
2014-15,28,Goran Dragic,MIA,78,2640,1275,502,1002,50.1,90,259,34.7,181,234,77.4,81,193,274,350,78,15,173,195,1266,2.02,0.45
2014-15,29,Markieff Morris,PHX,82,2581,1258,512,1100,46.5,57,179,31.8,177,232,76.3,110,396,506,192,101,39,170,245,1283,1.13,0.59
2014-15,30,Kyle Lowry,TOR,70,2414,1244,430,1043,41.2,132,391,33.8,252,312,80.8,54,274,328,473,109,13,173,212,1321,2.73,0.63
2014-15,31,Lou Williams,TOR,80,2016,1242,375,928,40.4,152,447,34.0,340,395,86.1,24,127,151,164,88,10,101,103,946,1.62,0.87
2014-15,32,Brook Lopez,BKN,72,2100,1236,506,987,51.3,1,10,10.0,223,274,81.4,214,321,535,50,43,126,104,206,1354,0.48,0.41
2014-15,33,Kevin Love,CLE,75,2532,1228,413,952,43.4,144,392,36.7,258,321,80.4,142,589,731,168,51,39,122,140,1493,1.38,0.42
2014-15,34,Paul Millsap,ATL,73,2390,1218,443,930,47.6,77,216,35.6,255,337,75.7,139,431,570,223,130,69,166,201,1475,1.34,0.78
2014-15,35,DeMar DeRozan,TOR,60,2100,1204,409,990,41.3,25,88,28.4,361,434,83.2,41,236,277,210,73,11,137,122,984,1.53,0.53
2014-15,36,Derrick Favors,UTA,74,2280,1187,482,918,52.5,1,6,16.7,222,332,66.9,196,411,607,112,60,123,121,210,1422,0.93,0.50
2014-15,37,Jeff Green,MEM,78,2455,1168,416,967,43.0,97,292,33.2,239,287,83.3,64,264,328,134,53,34,108,147,1010,1.24,0.49
2014-15,38,Tobias Harris,ORL,68,2369,1164,442,949,46.6,87,239,36.4,193,245,78.8,73,357,430,124,69,36,115,134,1149,1.08,0.60
2014-15,39,Enes Freedom,OKC,75,2136,1163,482,928,51.9,16,45,35.6,183,234,78.2,277,394,671,55,36,29,145,189,1312,0.38,0.25
2014-15,40,Jeff Teague,ATL,73,2228,1162,408,887,46.0,71,207,34.3,275,319,86.2,30,154,184,513,125,31,205,139,1287,2.50,0.61
2014-15,41,Al Horford,ATL,76,2318,1156,519,965,53.8,11,36,30.6,107,141,75.9,131,413,544,244,68,98,100,121,1530,2.44,0.68
2014-15,42,Joe Johnson,BKN,80,2791,1154,446,1025,43.5,121,337,35.9,141,176,80.1,53,331,384,292,59,14,137,120,1152,2.13,0.43
2014-15,43,Ty Lawson,DEN,75,2665,1143,404,926,43.6,70,205,34.1,265,363,73.0,42,192,234,720,92,9,185,128,1393,3.89,0.50
2014-15,43,Zach Randolph,MEM,71,2304,1143,454,932,48.7,7,20,35.0,228,298,76.5,225,522,747,153,69,14,156,175,1422,0.98,0.44
2014-15,45,Andre Drummond,DET,82,2502,1130,494,961,51.4,0,2,0.0,142,365,38.9,437,667,1104,55,73,153,120,285,1705,0.46,0.61
2014-15,46,Reggie Jackson,DET,77,2268,1117,432,996,43.4,72,241,29.9,181,218,83.0,56,271,327,462,62,9,186,167,1190,2.48,0.33
2014-15,47,Mike Conley,MEM,70,2225,1107,393,882,44.6,107,277,38.6,214,249,85.9,29,180,209,375,89,14,156,139,1114,2.40,0.57
2014-15,48,Isaiah Thomas,BOS,67,1726,1101,335,796,42.1,129,346,37.3,302,348,86.8,33,120,153,284,57,5,143,150,950,1.99,0.40
2014-15,49,Greg Monroe,DET,69,2137,1098,423,853,49.6,0,0,0.0,252,336,75.0,229,475,704,142,78,34,149,148,1393,0.95,0.52
2014-15,50,Wilson Chandler,DEN,78,2471,1085,418,975,42.9,139,406,34.2,110,142,77.5,96,379,475,134,58,29,110,231,1082,1.22,0.53
2015-16,1,James Harden,HOU,82,3125,2376,710,1617,43.9,236,657,35.9,720,837,86.0,63,438,501,612,139,51,374,229,2281,1.64,0.37
2015-16,2,Stephen Curry,GSW,79,2700,2375,805,1598,50.4,402,886,45.4,363,400,90.8,68,362,430,527,169,15,262,161,2424,2.01,0.65
2015-16,3,Kevin Durant,OKC,72,2578,2029,698,1381,50.5,186,481,38.7,447,498,89.8,45,544,589,361,69,85,250,137,2149,1.44,0.28
2015-16,4,LeBron James,CLE,76,2709,1920,737,1416,52.0,87,282,30.9,359,491,73.1,111,454,565,514,104,49,249,143,2092,2.06,0.42
2015-16,5,Damian Lillard,POR,75,2676,1879,618,1474,41.9,229,610,37.5,414,464,89.2,45,257,302,512,65,28,242,165,1638,2.12,0.27
2015-16,6,Russell Westbrook,OKC,80,2750,1878,656,1444,45.4,101,341,29.6,465,573,81.2,145,481,626,834,163,20,342,200,2283,2.44,0.48
2015-16,7,Paul George,IND,81,2819,1874,605,1449,41.8,210,566,37.1,454,528,86.0,79,484,563,329,152,29,265,230,1764,1.24,0.57
2015-16,8,DeMar DeRozan,TOR,78,2804,1830,614,1377,44.6,47,139,33.8,555,653,85.0,64,285,349,315,81,21,175,167,1560,1.80,0.46
2015-16,9,Isaiah Thomas,BOS,82,2644,1823,591,1382,42.8,167,465,35.9,474,544,87.1,46,197,243,509,91,9,220,167,1594,2.31,0.41
2015-16,10,Klay Thompson,GSW,80,2666,1771,651,1386,47.0,276,650,42.5,193,221,87.3,35,271,306,166,60,49,138,152,1451,1.20,0.43
2015-16,11,DeMarcus Cousins,SAC,65,2246,1748,601,1332,45.1,70,210,33.3,476,663,71.8,158,589,747,214,101,92,249,236,1735,0.86,0.41
2015-16,12,Kemba Walker,CHA,81,2885,1689,568,1331,42.7,182,490,37.1,371,438,84.7,56,301,357,421,126,39,171,111,1631,2.46,0.74
2015-16,13,Andrew Wiggins,MIN,81,2845,1675,594,1294,45.9,57,190,30.0,430,565,76.1,105,186,291,164,78,46,182,165,1237,0.90,0.43
2015-16,14,CJ McCollum,POR,80,2780,1666,641,1431,44.8,197,472,41.7,187,226,82.7,47,212,259,341,97,23,196,187,1361,1.74,0.49
2015-16,15,Kyle Lowry,TOR,77,2851,1634,512,1198,42.7,212,547,38.8,398,491,81.1,55,310,365,494,158,34,225,211,1681,2.20,0.70
2015-16,16,Gordon Hayward,UTA,80,2893,1578,521,1202,43.3,143,410,34.9,393,477,82.4,61,336,397,296,95,27,202,183,1426,1.47,0.47
2015-16,17,Carmelo Anthony,NYK,72,2530,1573,567,1307,43.4,105,310,33.9,334,403,82.9,98,458,556,299,62,38,176,180,1543,1.70,0.35
2015-16,18,John Wall,WAS,77,2784,1531,572,1349,42.4,115,328,35.1,272,344,79.1,42,337,379,789,145,59,318,159,1736,2.48,0.46
2015-16,19,Kawhi Leonard,SAS,72,2380,1523,551,1090,50.6,129,291,44.3,292,334,87.4,95,398,493,186,128,71,105,133,1715,1.77,1.22
2015-16,20,Karl-Anthony Towns,MIN,82,2627,1503,625,1153,54.2,30,88,34.1,223,275,81.1,229,629,858,161,58,138,183,245,1955,0.88,0.32
2015-16,21,Brook Lopez,BKN,73,2457,1501,591,1157,51.1,2,14,14.3,317,403,78.7,204,369,573,146,58,124,175,215,1575,0.83,0.33
2015-16,22,Reggie Jackson,DET,79,2424,1489,540,1244,43.4,118,334,35.3,291,337,86.4,58,195,253,492,59,11,223,187,1331,2.21,0.27
2015-16,23,Anthony Davis,NOP,61,2164,1481,560,1136,49.3,35,108,32.4,326,430,75.8,130,497,627,116,78,125,121,148,1626,0.96,0.65
2015-16,24,Chris Paul,LAC,74,2420,1446,515,1114,46.2,122,329,37.1,294,328,89.6,39,271,310,738,152,13,194,185,1832,3.80,0.78
2015-16,25,Khris Middleton,MIL,79,2852,1434,507,1142,44.4,143,361,39.6,277,312,88.8,44,258,302,331,131,19,180,204,1367,1.84,0.73
2015-16,26,Dwyane Wade,MIA,74,2258,1409,540,1183,45.6,7,44,15.9,322,406,79.3,82,220,302,344,79,42,203,116,1246,1.70,0.39
2015-16,27,Jimmy Butler,CHI,67,2474,1399,470,1035,45.4,64,205,31.2,395,475,83.2,79,279,358,321,110,43,132,124,1454,2.43,0.83
2015-16,28,Paul Millsap,ATL,81,2647,1385,501,1066,47.0,74,232,31.9,309,408,75.7,198,534,732,265,147,139,191,237,1813,1.39,0.77
2015-16,29,Dirk Nowitzki,DAL,75,2364,1372,498,1112,44.8,126,342,36.8,250,280,89.3,52,437,489,132,52,52,84,161,1369,1.57,0.62
2015-16,30,Giannis Antetokounmpo,MIL,80,2823,1350,513,1013,50.6,28,109,25.7,296,409,72.4,113,499,612,345,94,113,208,258,1693,1.66,0.45
2015-16,31,LaMarcus Aldridge,SAS,74,2261,1331,536,1045,51.3,0,16,0.0,259,302,85.8,176,456,632,110,38,81,99,151,1541,1.11,0.38
2015-16,32,Andre Drummond,DET,81,2666,1314,552,1060,52.1,2,6,33.3,208,586,35.5,395,803,1198,67,119,112,155,245,1769,0.43,0.77
2015-16,33,Al Horford,ATL,82,2631,1249,529,1048,50.5,88,256,34.4,103,129,79.8,148,448,596,263,68,121,107,163,1645,2.46,0.64
2015-16,34,Jeff Teague,ATL,79,2255,1239,434,988,43.9,110,274,40.1,261,312,83.7,33,181,214,470,97,24,218,167,1221,2.16,0.45
2015-16,35,Kevin Love,CLE,77,2424,1234,409,977,41.9,158,439,36.0,258,314,82.2,149,613,762,185,58,41,142,159,1514,1.30,0.41
2015-16,36,JJ Redick,LAC,75,2097,1226,422,880,48.0,200,421,47.5,182,205,88.8,10,129,139,106,42,5,78,135,959,1.36,0.54
2015-16,37,Jordan Clarkson,LAL,79,2552,1225,475,1098,43.3,111,320,34.7,164,204,80.4,93,220,313,192,88,7,135,168,1027,1.42,0.65
2015-16,38,Evan Fournier,ORL,79,2566,1213,429,929,46.2,156,390,40.0,199,238,83.6,33,192,225,214,96,2,133,214,1078,1.61,0.72
2015-16,39,Greg Monroe,MIL,79,2314,1210,491,941,52.2,0,1,0.0,228,308,74.0,218,478,696,178,72,67,129,163,1564,1.38,0.56
2015-16,40,Rudy Gay,SAC,70,2379,1204,466,1007,46.3,74,215,34.4,198,254,78.0,103,353,456,120,100,51,139,184,1195,0.86,0.72
2015-16,41,Pau Gasol,CHI,72,2291,1187,467,995,46.9,24,69,34.8,229,289,79.2,155,638,793,294,42,146,164,148,1710,1.79,0.26
2015-16,42,Nikola Vucevic,ORL,65,2037,1181,533,1046,51.0,2,9,22.2,113,150,75.3,174,402,576,179,53,70,123,173,1386,1.46,0.43
2015-16,43,Will Barton,DEN,82,2353,1178,425,983,43.2,112,325,34.5,216,268,80.6,59,417,476,203,71,39,139,147,1218,1.46,0.51
2015-16,44,Kobe Bryant,LAL,66,1863,1161,398,1113,35.8,133,467,28.5,232,281,82.6,41,206,247,184,62,13,129,115,774,1.43,0.48
2015-16,45,Avery Bradley,BOS,76,2536,1155,456,1019,44.7,147,407,36.1,96,123,78.0,48,172,220,158,117,19,109,164,970,1.45,1.07
2015-16,46,Victor Oladipo,ORL,72,2379,1153,425,970,43.8,98,282,34.8,205,247,83.0,48,297,345,282,116,54,153,174,1210,1.84,0.76
2015-16,47,Zach LaVine,MIN,82,2294,1150,433,959,45.2,123,316,38.9,161,203,79.3,27,201,228,251,69,17,155,193,992,1.62,0.45
2015-16,48,Rodney Hood,UTA,79,2541,1149,408,972,42.0,161,449,35.9,172,200,86.0,38,229,267,213,73,16,125,202,1001,1.70,0.58
2015-16,49,Draymond Green,GSW,81,2808,1131,401,819,49.0,100,258,38.8,229,329,69.6,134,635,769,598,119,113,259,240,1953,2.31,0.46
2015-16,49,Marcus Morris Sr.,DET,80,2856,1131,410,945,43.4,108,298,36.2,203,271,74.9,91,313,404,201,67,23,140,170,1083,1.44,0.48
2016-17,1,Russell Westbrook,OKC,81,2802,2558,824,1941,42.5,200,583,34.3,710,840,84.5,137,727,864,840,132,31,438,190,2740,1.92,0.30
2016-17,2,James Harden,HOU,81,2947,2356,674,1533,44.0,262,756,34.7,746,881,84.7,95,564,659,907,121,38,464,215,2623,1.96,0.26
2016-17,3,Isaiah Thomas,BOS,76,2569,2199,682,1473,46.3,245,646,37.9,590,649,90.9,42,162,204,448,70,13,210,167,1874,2.13,0.33
2016-17,4,Anthony Davis,NOP,75,2708,2099,770,1526,50.5,40,134,29.9,519,647,80.2,172,712,884,157,94,167,181,168,2336,0.87,0.52
2016-17,5,Karl-Anthony Towns,MIN,82,3030,2061,802,1480,54.2,101,275,36.7,356,428,83.2,296,711,1007,220,56,103,212,241,2485,1.04,0.26
2016-17,6,Damian Lillard,POR,75,2693,2024,661,1488,44.4,214,579,37.0,488,545,89.5,46,322,368,440,68,20,197,152,1839,2.23,0.34
2016-17,7,DeMar DeRozan,TOR,74,2620,2020,721,1545,46.7,33,124,26.6,545,647,84.2,70,316,386,290,78,13,180,134,1681,1.61,0.43
2016-17,8,Stephen Curry,GSW,79,2639,1999,675,1443,46.8,324,789,41.1,325,362,89.8,61,292,353,524,142,17,239,183,1991,2.19,0.59
2016-17,9,LeBron James,CLE,74,2795,1954,736,1344,54.8,124,342,36.3,358,531,67.4,97,542,639,646,92,44,303,134,2291,2.13,0.30
2016-17,10,DeMarcus Cousins,NOP,72,2465,1942,647,1432,45.2,131,363,36.1,517,670,77.2,152,642,794,332,100,93,269,278,2054,1.23,0.37
2016-17,11,Andrew Wiggins,MIN,82,3048,1933,709,1570,45.2,103,289,35.6,412,542,76.0,102,226,328,189,82,30,187,183,1384,1.01,0.44
2016-17,12,Kawhi Leonard,SAS,74,2475,1888,636,1312,48.5,147,387,38.0,469,533,88.0,80,350,430,260,133,55,154,122,1872,1.69,0.86
2016-17,13,CJ McCollum,POR,80,2796,1837,692,1441,48.0,185,439,42.1,268,294,91.2,60,229,289,285,72,42,172,202,1578,1.66,0.42
2016-17,14,Giannis Antetokounmpo,MIL,80,2845,1832,656,1259,52.1,49,180,27.2,471,612,77.0,142,558,700,434,131,151,234,246,2270,1.85,0.56
2016-17,15,Kemba Walker,CHA,79,2739,1830,643,1449,44.4,240,602,39.9,304,359,84.7,45,263,308,434,85,22,168,119,1650,2.58,0.51
2016-17,16,Jimmy Butler,CHI,76,2809,1816,570,1252,45.5,91,248,36.7,585,676,86.5,129,341,470,417,143,32,159,112,1946,2.62,0.90
2016-17,16,Kyrie Irving,CLE,72,2525,1816,671,1420,47.3,177,441,40.1,297,328,90.5,52,178,230,418,83,24,180,157,1611,2.32,0.46
2016-17,18,John Wall,WAS,78,2836,1805,647,1435,45.1,89,272,32.7,422,527,80.1,59,267,326,831,157,49,322,151,1953,2.58,0.49
2016-17,19,Bradley Beal,WAS,77,2684,1779,637,1322,48.2,223,552,40.4,282,342,82.5,53,187,240,267,83,21,156,169,1489,1.71,0.53
2016-17,20,Paul George,IND,75,2689,1775,622,1348,46.1,195,496,39.3,336,374,89.8,58,434,492,251,119,27,220,206,1680,1.14,0.54
2016-17,21,Klay Thompson,GSW,78,2649,1742,644,1376,46.8,268,647,41.4,186,218,85.3,49,236,285,160,66,40,128,139,1401,1.25,0.52
2016-17,22,Devin Booker,PHX,78,2731,1726,606,1431,42.3,147,405,36.3,367,441,83.2,46,203,249,268,72,21,241,242,1196,1.11,0.30
2016-17,23,Carmelo Anthony,NYK,74,2538,1659,602,1389,43.3,151,421,35.9,304,365,83.3,62,376,438,213,60,34,153,198,1403,1.39,0.39
2016-17,24,Gordon Hayward,UTA,73,2516,1601,545,1156,47.1,149,374,39.8,362,429,84.4,49,345,394,252,73,20,140,117,1522,1.80,0.52
2016-17,25,Kevin Durant,GSW,62,2070,1555,551,1026,53.7,117,312,37.5,336,384,87.5,39,474,513,300,66,99,138,117,1872,2.17,0.48
2016-17,26,Brook Lopez,BKN,75,2222,1539,555,1172,47.4,134,387,34.6,295,364,81.0,121,282,403,176,38,124,184,192,1410,0.96,0.21
2016-17,27,Harrison Barnes,DAL,79,2804,1518,599,1280,46.8,78,222,35.1,242,281,86.1,93,301,394,116,65,15,102,128,1286,1.14,0.64
2016-17,28,Goran Dragic,MIA,73,2459,1483,534,1124,47.5,117,289,40.5,298,377,79.0,62,217,279,423,89,13,212,199,1406,2.00,0.42
2016-17,29,Marc Gasol,MEM,74,2531,1446,532,1160,45.9,104,268,38.8,278,332,83.7,60,404,464,338,67,99,166,171,1566,2.04,0.40
2016-17,30,Lou Williams,HOU,81,1993,1421,428,998,42.9,163,446,36.5,402,457,88.0,26,176,202,239,80,20,160,92,1177,1.49,0.50
2016-17,31,Mike Conley,MEM,69,2292,1415,464,1009,46.0,171,419,40.8,316,368,85.9,31,210,241,433,92,19,156,126,1447,2.78,0.59
2016-17,32,Dennis Schroder,ATL,79,2485,1414,548,1214,45.1,100,294,34.0,218,255,85.5,42,206,248,499,74,16,258,149,1290,1.93,0.29
2016-17,33,Eric Bledsoe,PHX,66,2176,1390,449,1034,43.4,104,310,33.5,388,458,84.7,52,268,320,418,91,31,224,164,1371,1.87,0.41
2016-17,34,Kyle Lowry,TOR,60,2244,1344,426,918,46.4,193,468,41.2,299,365,81.9,48,238,286,417,88,19,173,170,1423,2.41,0.51
2016-17,35,Tobias Harris,DET,82,2566,1321,511,1063,48.1,109,314,34.7,190,226,84.1,63,353,416,142,60,39,96,133,1294,1.48,0.63
2016-17,36,Blake Griffin,LAC,61,2076,1316,479,971,49.3,38,113,33.6,320,421,76.0,112,385,497,300,57,22,142,157,1457,2.11,0.40
2016-17,37,Hassan Whiteside,MIA,77,2513,1309,542,973,55.7,0,0,0.0,225,358,62.8,293,795,1088,57,57,161,154,226,1954,0.37,0.37
2016-17,38,Jeff Teague,IND,82,2657,1254,402,909,44.2,90,252,35.7,360,415,86.7,33,297,330,639,100,32,216,165,1577,2.96,0.46
2016-17,39,Paul Millsap,ATL,69,2343,1246,430,972,44.2,75,241,31.1,311,405,76.8,111,422,533,252,90,62,158,186,1389,1.59,0.57
2016-17,40,LaMarcus Aldridge,SAS,72,2335,1243,500,1049,47.7,23,56,41.1,220,271,81.2,172,351,523,139,46,88,98,158,1341,1.42,0.47
2016-17,41,Nikola Jokic,DEN,73,2038,1221,494,854,57.8,45,139,32.4,188,228,82.5,212,506,718,359,61,55,171,214,1843,2.10,0.36
2016-17,42,Eric Gordon,HOU,75,2323,1217,412,1016,40.6,246,661,37.2,147,175,84.0,29,172,201,188,48,41,121,150,942,1.55,0.40
2016-17,43,Jordan Clarkson,LAL,82,2397,1205,477,1071,44.5,117,356,32.9,134,168,79.8,49,197,246,213,88,8,164,150,968,1.30,0.54
2016-17,44,Kristaps Porzingis,NYK,66,2164,1196,443,985,45.0,112,314,35.7,198,252,78.6,111,364,475,97,47,129,118,244,1230,0.82,0.40
2016-17,45,JJ Redick,LAC,78,2198,1173,396,890,44.5,201,468,42.9,180,202,89.1,11,160,171,110,54,13,98,125,907,1.12,0.55
2016-17,45,Myles Turner,IND,81,2541,1173,444,869,51.1,40,115,34.8,245,303,80.9,139,450,589,106,74,172,105,262,1526,1.01,0.70
2016-17,45,Serge Ibaka,TOR,79,2422,1173,471,982,48.0,124,317,39.1,107,125,85.6,129,409,538,75,41,124,105,215,1317,0.71,0.39
2016-17,48,Evan Fournier,ORL,68,2234,1167,408,930,43.9,128,360,35.6,223,277,80.5,44,165,209,202,66,4,141,180,931,1.43,0.47
2016-17,49,Nicolas Batum,CHA,77,2617,1164,393,975,40.3,135,405,33.3,243,284,85.6,46,435,481,456,86,29,194,109,1399,2.35,0.44
2016-17,50,Derrick Rose,NYK,64,2082,1154,460,977,47.1,13,60,21.7,221,253,87.4,66,180,246,283,44,17,147,84,1048,1.93,0.30
2017-18,1,LeBron James,CLE,82,3026,2251,857,1580,54.2,149,406,36.7,388,531,73.1,97,612,709,747,116,71,347,136,2681,2.15,0.33
2017-18,2,James Harden,HOU,72,2551,2191,651,1449,44.9,265,722,36.7,624,727,85.8,41,348,389,630,126,50,315,169,2170,2.00,0.40
2017-18,3,Anthony Davis,NOP,75,2727,2110,780,1462,53.4,55,162,34.0,495,598,82.8,187,644,831,174,115,193,162,159,2476,1.07,0.71
2017-18,4,Russell Westbrook,OKC,80,2914,2028,757,1687,44.9,97,326,29.8,417,566,73.7,152,652,804,820,147,20,381,200,2359,2.15,0.39
2017-18,5,Giannis Antetokounmpo,MIL,75,2756,2014,742,1402,52.9,43,140,30.7,487,641,76.0,156,597,753,361,109,106,223,231,2306,1.62,0.49
2017-18,6,Damian Lillard,POR,73,2670,1962,621,1415,43.9,227,629,36.1,493,538,91.6,62,263,325,481,77,27,206,117,1827,2.33,0.37
2017-18,7,Bradley Beal,WAS,82,2977,1857,683,1484,46.0,199,530,37.5,292,369,79.1,61,302,363,373,96,36,214,160,1633,1.74,0.45
2017-18,8,DeMar DeRozan,TOR,80,2712,1840,645,1413,45.6,89,287,31.0,461,559,82.5,59,256,315,417,85,22,175,151,1638,2.38,0.49
2017-18,9,Kevin Durant,GSW,68,2325,1792,630,1222,51.6,173,413,41.9,359,404,88.9,31,433,464,366,50,119,207,133,1947,1.77,0.24
2017-18,10,Lou Williams,LAC,79,2589,1782,582,1337,43.5,186,518,35.9,432,491,88.0,40,158,198,417,85,19,234,106,1453,1.78,0.36
2017-18,11,Kemba Walker,CHA,80,2736,1770,588,1363,43.1,231,601,38.4,363,420,86.4,32,216,248,444,91,24,179,98,1566,2.48,0.51
2017-18,12,Karl-Anthony Towns,MIN,82,2918,1743,639,1172,54.5,120,285,42.1,345,402,85.8,238,774,1012,199,64,115,159,285,2384,1.25,0.40
2017-18,13,LaMarcus Aldridge,SAS,75,2509,1735,687,1347,51.0,27,92,29.3,334,399,83.7,246,389,635,152,43,90,111,161,1819,1.37,0.39
2017-18,13,Victor Oladipo,IND,75,2552,1735,640,1342,47.7,161,434,37.1,294,368,79.9,47,343,390,323,177,57,219,175,1687,1.48,0.81
2017-18,15,Paul George,OKC,79,2891,1734,576,1340,43.0,244,609,40.1,338,411,82.2,72,375,447,263,161,39,212,233,1595,1.24,0.76
2017-18,16,CJ McCollum,POR,81,2924,1732,667,1505,44.3,189,476,39.7,209,250,83.6,53,268,321,272,77,35,151,168,1407,1.80,0.51
2017-18,17,Khris Middleton,MIL,82,2982,1652,593,1272,46.6,146,407,35.9,320,362,88.4,45,384,429,328,119,21,191,270,1637,1.72,0.62
2017-18,18,Donovan Mitchell,UTA,79,2638,1616,595,1362,43.7,187,550,34.0,239,297,80.5,52,244,296,291,118,27,215,213,1308,1.35,0.55
2017-18,19,Jrue Holiday,NOP,81,2927,1537,615,1244,49.4,120,356,33.7,187,238,78.6,62,303,365,486,123,64,213,201,1682,2.28,0.58
2017-18,20,Tobias Harris,LAC,80,2668,1486,562,1221,46.0,183,445,41.1,179,216,82.9,58,379,437,192,71,35,105,164,1420,1.83,0.68
2017-18,21,Kyrie Irving,BOS,60,1931,1466,534,1087,49.1,166,407,40.8,232,261,88.9,33,194,227,306,65,17,139,122,1360,2.20,0.47
2017-18,22,Klay Thompson,GSW,73,2504,1461,575,1177,48.9,229,520,44.0,82,98,83.7,31,246,277,185,55,34,128,117,1266,1.45,0.43
2017-18,23,Andrew Wiggins,MIN,82,2979,1452,569,1300,43.8,112,338,33.1,202,314,64.3,82,276,358,160,91,51,138,163,1131,1.16,0.66
2017-18,23,Harrison Barnes,DAL,77,2634,1452,537,1208,44.5,119,333,35.7,259,313,82.7,77,391,468,152,49,14,118,94,1292,1.29,0.41
2017-18,25,Joel Embiid,PHI,63,1912,1445,510,1056,48.3,66,214,30.8,359,467,76.9,143,547,690,199,40,111,234,209,1597,0.85,0.17
2017-18,26,Nikola Jokic,DEN,75,2443,1385,504,1010,49.9,111,280,39.6,266,313,85.0,195,608,803,458,90,61,210,212,2034,2.18,0.43
2017-18,27,Jamal Murray,DEN,81,2565,1352,479,1062,45.1,165,436,37.8,229,253,90.5,82,215,297,274,79,28,172,173,1251,1.59,0.46
2017-18,28,Dwight Howard,CHA,81,2463,1347,506,911,55.5,1,7,14.3,334,582,57.4,255,757,1012,105,48,131,208,249,1782,0.51,0.23
2017-18,29,Devin Booker,PHX,54,1865,1346,455,1054,43.2,147,384,38.3,289,329,87.8,26,218,244,253,47,14,194,168,1071,1.30,0.24
2017-18,29,Stephen Curry,GSW,51,1631,1346,428,864,49.5,212,501,42.3,278,302,92.1,36,225,261,310,80,8,153,114,1392,2.03,0.52
2017-18,31,Julius Randle,LAL,82,2190,1323,504,904,55.8,10,45,22.2,305,425,71.8,181,473,654,210,43,45,213,274,1542,0.99,0.20
2017-18,32,Eric Bledsoe,MIL,74,2322,1313,468,989,47.3,125,360,34.7,252,317,79.5,51,233,284,370,149,42,216,185,1356,1.71,0.69
2017-18,33,Jimmy Butler,MIN,59,2164,1307,437,921,47.4,70,200,35.0,363,425,85.4,79,235,314,288,116,24,108,78,1395,2.67,1.07
2017-18,34,Dennis Schroder,ATL,67,2078,1301,500,1146,43.6,76,262,29.0,225,265,84.9,44,164,208,417,72,6,183,147,1135,2.28,0.39
2017-18,35,Goran Dragic,MIA,75,2378,1296,484,1075,45.0,111,300,37.0,217,271,80.1,54,252,306,359,63,12,166,180,1225,2.16,0.38
2017-18,36,Ben Simmons,PHI,81,2732,1279,544,998,54.5,0,11,0.0,191,341,56.0,145,514,659,661,140,70,278,211,1927,2.38,0.50
2017-18,37,T.J. Warren,PHX,65,2142,1271,529,1063,49.8,20,90,22.2,193,255,75.7,125,208,333,85,65,41,85,149,1114,1.00,0.77
2017-18,38,Will Barton,DEN,81,2683,1268,465,1028,45.2,156,422,37.0,182,226,80.5,70,339,409,331,82,52,149,168,1386,2.22,0.55
2017-18,39,Kyle Lowry,TOR,78,2510,1267,403,944,42.7,238,596,39.9,223,261,85.4,66,368,434,537,85,19,183,192,1580,2.93,0.46
2017-18,40,Carmelo Anthony,OKC,78,2501,1261,472,1168,40.4,169,474,35.7,148,193,76.7,67,386,453,103,47,49,99,197,1073,1.04,0.47
2017-18,41,Marc Gasol,MEM,73,2408,1258,434,1033,42.0,109,320,34.1,281,337,83.4,78,514,592,305,54,101,194,185,1461,1.57,0.28
2017-18,42,Eric Gordon,HOU,69,2154,1243,415,970,42.8,218,608,35.9,195,241,80.9,25,145,170,154,44,27,130,116,907,1.19,0.34
2017-18,43,Blake Griffin,DET,58,1970,1242,436,996,43.8,111,322,34.5,259,330,78.5,73,355,428,334,40,18,165,139,1266,2.02,0.24
2017-18,43,Kyle Kuzma,LAL,77,2401,1242,468,1039,45.0,159,434,36.6,147,208,70.7,88,395,483,141,49,34,140,160,1177,1.01,0.35
2017-18,45,DeMarcus Cousins,NOP,48,1737,1210,406,864,47.0,104,294,35.4,294,394,74.6,105,512,617,257,79,76,242,183,1439,1.06,0.33
2017-18,46,JJ Redick,PHI,70,2116,1198,404,879,46.0,193,460,42.0,197,218,90.4,9,169,178,210,35,6,103,123,1028,2.04,0.34
2017-18,47,Andre Drummond,DET,78,2625,1171,466,881,52.9,0,11,0.0,239,395,60.5,399,848,1247,237,114,127,200,250,2125,1.19,0.57
2017-18,48,Gary Harris,DEN,67,2305,1170,440,908,48.5,156,394,39.6,134,162,82.7,37,139,176,194,122,15,119,119,1062,1.63,1.02
2017-18,49,Taurean Prince,ATL,82,2464,1158,415,975,42.6,176,457,38.5,152,180,84.4,50,339,389,214,85,42,191,168,1109,1.12,0.45
2017-18,50,Bojan Bogdanovic,IND,80,2465,1141,404,852,47.4,155,386,40.2,178,205,86.8,30,240,270,119,55,8,106,129,1012,1.12,0.52
2018-19,1,James Harden,HOU,78,2867,2818,843,1909,44.2,378,1028,36.8,754,858,87.9,66,452,518,586,158,58,387,244,2581,1.51,0.41
2018-19,2,Paul George,OKC,77,2841,2159,707,1614,43.8,292,757,38.6,453,540,83.9,105,523,628,318,170,34,205,214,2110,1.55,0.83
2018-19,3,Kemba Walker,CHA,82,2863,2102,731,1684,43.4,260,731,35.6,380,450,84.4,52,309,361,484,102,34,211,131,1849,2.29,0.48
2018-19,4,Bradley Beal,WAS,82,3028,2099,764,1609,47.5,209,596,35.1,362,448,80.8,89,322,411,448,121,58,224,226,1982,2.00,0.54
2018-19,5,Damian Lillard,POR,80,2838,2067,681,1533,44.4,237,643,36.9,468,513,91.2,68,303,371,551,88,34,212,148,2002,2.60,0.41
2018-19,6,Kevin Durant,GSW,78,2702,2027,721,1383,52.1,137,388,35.3,448,506,88.5,33,464,497,457,58,84,225,155,2178,2.03,0.26
2018-19,7,Giannis Antetokounmpo,MIL,72,2358,1994,721,1247,57.8,52,203,25.6,500,686,72.9,159,739,898,424,92,110,268,232,2538,1.58,0.34
2018-19,8,Stephen Curry,GSW,69,2331,1881,632,1340,47.2,354,810,43.7,263,287,91.6,45,324,369,361,92,25,192,166,1804,1.88,0.48
2018-19,9,Karl-Anthony Towns,MIN,77,2545,1880,681,1314,51.8,142,355,40.0,376,450,83.6,263,691,954,259,67,125,240,292,2338,1.08,0.28
2018-19,10,Blake Griffin,DET,75,2622,1841,619,1341,46.2,189,522,36.2,414,550,75.3,100,465,565,402,52,28,253,199,1777,1.59,0.21
2018-19,11,Donovan Mitchell,UTA,77,2598,1829,661,1530,43.2,188,519,36.2,319,396,80.6,59,257,316,322,106,31,218,208,1440,1.48,0.49
2018-19,12,Joel Embiid,PHI,64,2154,1761,580,1199,48.4,79,263,30.0,522,649,80.4,160,711,871,234,46,122,226,211,2062,1.03,0.20
2018-19,13,LaMarcus Aldridge,SAS,81,2687,1727,684,1319,51.9,10,42,23.8,349,412,84.7,251,493,744,194,43,107,144,179,1973,1.35,0.30
2018-19,14,D'Angelo Russell,BKN,81,2448,1712,659,1517,43.4,234,635,36.9,160,205,78.0,53,262,315,563,100,20,253,141,1554,2.23,0.40
2018-19,15,Devin Booker,PHX,64,2242,1700,586,1255,46.7,135,414,32.6,393,454,86.6,39,226,265,433,56,13,264,200,1473,1.64,0.21
2018-19,16,Buddy Hield,SAC,82,2615,1695,623,1360,45.8,278,651,42.7,171,193,88.6,106,306,412,205,58,33,146,202,1498,1.40,0.40
2018-19,17,Klay Thompson,GSW,78,2652,1680,655,1402,46.7,241,599,40.2,129,158,81.6,37,262,299,186,84,47,115,157,1405,1.62,0.73
2018-19,18,Russell Westbrook,OKC,73,2629,1675,630,1473,42.8,119,411,29.0,296,451,65.6,109,698,807,784,142,33,325,245,2118,2.41,0.44
2018-19,19,Nikola Vucevic,ORL,80,2510,1665,701,1354,51.8,84,231,36.4,179,227,78.9,224,736,960,307,81,89,159,157,2242,1.93,0.51
2018-19,20,Tobias Harris,PHI,82,2848,1644,611,1254,48.7,156,393,39.7,266,307,86.6,69,576,645,229,51,37,151,184,1771,1.52,0.34
2018-19,21,DeMar DeRozan,SAS,77,2688,1635,631,1313,48.1,7,45,15.6,366,441,83.0,54,408,462,475,86,36,199,177,1738,2.39,0.43
2018-19,22,Nikola Jokic,DEN,80,2504,1604,616,1206,51.1,83,270,30.7,289,352,82.1,228,637,865,580,108,55,248,228,2311,2.34,0.43
2018-19,23,Kawhi Leonard,TOR,60,2040,1596,560,1129,49.6,112,302,37.1,364,426,85.4,78,361,439,199,106,24,121,87,1612,1.65,0.88
2018-19,23,Kyrie Irving,BOS,67,2214,1596,604,1241,48.7,174,434,40.1,214,245,87.3,71,264,335,464,103,34,172,167,1692,2.70,0.60
2018-19,25,Julius Randle,NOP,73,2232,1565,571,1089,52.4,67,195,34.4,356,487,73.1,162,472,634,229,52,45,208,246,1668,1.10,0.25
2018-19,26,Trae Young,ATL,81,2503,1549,525,1256,41.8,156,482,32.4,343,414,82.9,64,237,301,653,72,15,308,140,1480,2.12,0.23
2018-19,27,Luka Doncic,DAL,72,2318,1526,506,1186,42.7,168,514,32.7,346,485,71.3,86,477,563,429,77,25,247,137,1554,1.74,0.31
2018-19,28,LeBron James,LAL,55,1937,1505,558,1095,51.0,111,327,33.9,278,418,66.5,57,408,465,454,72,33,197,94,1655,2.31,0.36
2018-19,29,Lou Williams,LAC,75,1993,1498,484,1138,42.5,105,291,36.1,425,485,87.6,40,182,222,402,57,11,181,80,1295,2.22,0.32
2018-19,30,Zach LaVine,CHI,63,2171,1492,530,1135,46.7,120,321,37.4,312,375,83.2,40,254,294,283,60,26,215,140,1272,1.32,0.28
2018-19,31,Mike Conley,MEM,70,2342,1478,490,1120,43.8,155,426,36.4,343,406,84.5,40,199,239,449,94,22,130,123,1459,3.45,0.72
2018-19,32,CJ McCollum,POR,70,2375,1468,571,1243,45.9,167,445,37.5,159,192,82.8,62,220,282,207,55,28,106,172,1229,1.95,0.52
2018-19,33,Bojan Bogdanovic,IND,81,2573,1454,522,1051,49.7,164,386,42.5,246,305,80.7,33,300,333,161,69,1,134,138,1296,1.20,0.52
2018-19,34,Anthony Davis,NOP,56,1850,1452,530,1026,51.7,48,145,33.1,344,433,79.4,174,498,672,218,88,135,112,132,1868,1.95,0.79
2018-19,35,Jrue Holiday,NOP,67,2402,1420,547,1159,47.2,118,363,32.5,208,271,76.8,75,259,334,518,109,54,210,148,1550,2.47,0.52
2018-19,36,Khris Middleton,MIL,77,2393,1407,506,1148,44.1,179,474,37.8,216,258,83.7,50,411,461,331,80,7,174,172,1428,1.90,0.46
2018-19,37,De'Aaron Fox,SAC,81,2546,1399,505,1102,45.8,86,232,37.1,303,417,72.7,43,261,304,590,133,45,227,204,1533,2.60,0.59
2018-19,38,JJ Redick,PHI,76,2379,1372,452,1027,44.0,240,605,39.7,228,255,89.4,20,166,186,206,32,17,101,129,1110,2.04,0.32
2018-19,39,Collin Sexton,CLE,82,2605,1371,519,1206,43.0,119,296,40.2,214,255,83.9,57,179,236,243,44,6,185,186,987,1.31,0.24
2018-19,40,Andre Drummond,DET,79,2647,1370,561,1052,53.3,5,38,13.2,243,412,59.0,423,809,1232,112,136,138,175,272,2153,0.64,0.78
2018-19,41,Jamal Murray,DEN,75,2447,1367,513,1173,43.7,152,414,36.7,189,223,84.8,65,252,317,363,67,27,158,153,1289,2.30,0.42
2018-19,42,Jordan Clarkson,CLE,81,2215,1364,529,1180,44.8,144,445,32.4,162,192,84.4,82,188,270,196,57,13,135,112,1084,1.45,0.42
2018-19,43,Montrezl Harrell,LAC,82,2158,1361,546,888,61.5,3,17,17.6,266,414,64.3,184,351,535,162,71,110,132,255,1617,1.23,0.54
2018-19,44,Pascal Siakam,TOR,80,2548,1354,519,945,54.9,79,214,36.9,237,302,78.5,124,425,549,248,73,52,154,241,1631,1.61,0.47
2018-19,45,Danilo Gallinari,LAC,68,2059,1346,409,884,46.3,161,372,43.3,367,406,90.4,54,363,417,178,49,23,99,129,1400,1.80,0.49
2018-19,46,Ben Simmons,PHI,79,2700,1337,540,960,56.3,0,6,0.0,257,428,60.0,172,525,697,610,112,61,274,209,1952,2.23,0.41
2018-19,47,Andrew Wiggins,MIN,73,2543,1321,498,1209,41.2,118,348,33.9,207,296,69.9,83,269,352,184,70,48,138,153,1037,1.33,0.51
2018-19,48,Kyle Kuzma,LAL,70,2314,1308,496,1087,45.6,128,422,30.3,188,250,75.2,60,322,382,178,41,26,133,170,1149,1.34,0.31
2018-19,49,Rudy Gobert,UTA,81,2577,1284,476,712,66.9,0,0,0.0,332,522,63.6,309,732,1041,161,66,187,130,231,2183,1.24,0.51
2018-19,50,Harrison Barnes,SAC,77,2533,1265,431,1027,42.0,174,441,39.5,229,278,82.4,57,304,361,115,50,13,98,122,1061,1.17,0.51
2019-20,1,James Harden,HOU,68,2483,2335,672,1514,44.4,299,843,35.5,692,800,86.5,70,376,446,512,125,60,308,227,2220,1.66,0.41
2019-20,2,Damian Lillard,POR,66,2474,1978,624,1349,46.3,270,674,40.1,460,518,88.8,33,251,284,530,70,22,194,114,1907,2.73,0.36
2019-20,3,Devin Booker,PHX,70,2512,1863,627,1283,48.9,141,398,35.4,468,509,91.9,29,268,297,456,49,18,264,213,1722,1.73,0.19
2019-20,4,Giannis Antetokounmpo,MIL,63,1917,1857,685,1238,55.3,89,293,30.4,398,629,63.3,140,716,856,354,61,66,230,195,2180,1.54,0.27
2019-20,5,Trae Young,ATL,60,2120,1778,546,1249,43.7,205,568,36.1,481,559,86.0,32,223,255,560,65,8,289,104,1596,1.94,0.23
2019-20,6,Luka Doncic,DAL,61,2047,1759,581,1255,46.3,171,541,31.6,426,562,75.8,78,495,573,538,62,14,260,153,1876,2.07,0.24
2019-20,7,Bradley Beal,WAS,57,2053,1741,593,1303,45.5,170,481,35.3,385,457,84.2,52,190,242,347,71,23,194,126,1448,1.79,0.37
2019-20,8,LeBron James,LAL,67,2316,1698,643,1303,49.3,148,425,34.8,264,381,69.3,66,459,525,684,78,36,261,118,1983,2.62,0.30
2019-20,9,Donovan Mitchell,UTA,69,2364,1655,602,1342,44.9,173,473,36.6,278,322,86.3,53,251,304,294,70,14,184,172,1369,1.60,0.38
2019-20,10,Anthony Davis,LAL,62,2131,1618,551,1096,50.3,72,218,33.0,444,525,84.6,142,435,577,200,91,143,154,156,1849,1.30,0.59
2019-20,11,CJ McCollum,POR,70,2557,1556,611,1356,45.1,194,512,37.9,140,185,75.7,46,251,297,310,54,42,127,183,1342,2.44,0.42
2019-20,12,Russell Westbrook,HOU,57,2049,1553,604,1281,47.2,55,213,25.8,290,380,76.3,100,351,451,401,93,20,255,200,1496,1.57,0.36
2019-20,13,Jayson Tatum,BOS,66,2265,1547,552,1226,45.0,189,469,40.3,254,313,81.2,64,396,460,200,93,57,155,136,1469,1.29,0.60
2019-20,14,Kawhi Leonard,LAC,57,1848,1543,532,1133,47.0,123,325,37.8,356,402,88.6,54,348,402,280,103,33,149,113,1565,1.88,0.69
2019-20,15,Zach LaVine,CHI,60,2085,1530,539,1199,45.0,184,484,38.0,268,334,80.2,41,248,289,254,88,28,206,131,1257,1.23,0.43
2019-20,16,DeMar DeRozan,SAS,68,2316,1504,557,1049,53.1,9,35,25.7,381,451,84.5,44,331,375,380,70,20,164,180,1623,2.32,0.43
2019-20,17,Brandon Ingram,NOP,62,2103,1477,507,1096,46.3,150,384,39.1,313,368,85.1,51,329,380,259,61,38,189,179,1382,1.37,0.32
2019-20,18,Nikola Jokic,DEN,73,2335,1456,565,1071,52.8,80,255,31.4,246,301,81.7,166,545,711,512,85,44,226,222,2021,2.27,0.38
2019-20,19,Tobias Harris,PHI,72,2469,1411,553,1173,47.1,131,357,36.7,174,216,80.6,69,426,495,227,53,40,104,165,1460,2.18,0.51
2019-20,20,Buddy Hield,SAC,72,2216,1382,498,1162,42.9,271,688,39.4,115,136,84.6,57,271,328,213,66,17,168,165,1153,1.27,0.39
2019-20,21,Pascal Siakam,TOR,60,2110,1371,500,1104,45.3,131,365,35.9,240,303,79.2,64,375,439,207,61,53,148,170,1316,1.40,0.41
2019-20,22,Collin Sexton,CLE,65,2143,1349,513,1086,47.2,97,255,38.0,226,267,84.6,61,143,204,192,65,7,158,142,1045,1.22,0.41
2019-20,23,Shai Gilgeous-Alexander,OKC,70,2428,1331,478,1015,47.1,87,251,34.7,288,357,80.7,47,365,412,232,79,47,134,117,1361,1.73,0.59
2019-20,24,T.J. Warren,IND,67,2202,1326,534,997,53.6,91,226,40.3,167,204,81.9,68,212,280,99,78,34,84,187,1233,1.18,0.93
2019-20,25,Spencer Dinwiddie,BKN,64,1994,1318,424,1021,41.5,123,400,30.8,347,446,77.8,32,189,221,432,40,21,174,180,1162,2.48,0.23
2019-20,26,Khris Middleton,MIL,62,1853,1297,471,947,49.7,147,354,41.5,208,227,91.6,44,338,382,265,53,7,137,142,1372,1.93,0.39
2019-20,27,Bojan Bogdanovic,UTA,63,2083,1275,418,935,44.7,189,457,41.4,250,277,90.3,39,220,259,131,34,7,159,110,1003,0.82,0.21
2019-20,28,Julius Randle,NYK,64,2080,1248,463,1006,46.0,64,231,27.7,258,352,73.3,151,471,622,198,51,22,193,178,1311,1.03,0.26
2019-20,29,Chris Paul,OKC,70,2208,1232,434,887,48.9,111,304,36.5,253,279,90.7,26,323,349,472,111,11,161,158,1535,2.93,0.69
2019-20,30,Dennis Schroder,OKC,65,1999,1229,453,965,46.9,125,325,38.5,198,236,83.9,19,217,236,262,45,14,166,146,1070,1.58,0.27
2019-20,31,Evan Fournier,ORL,66,2076,1221,434,929,46.7,173,434,39.9,180,220,81.8,18,153,171,209,71,15,125,161,1027,1.67,0.57
2019-20,32,Nikola Vucevic,ORL,62,1998,1215,493,1033,47.7,98,289,33.9,131,167,78.4,140,533,673,222,54,47,88,135,1547,2.52,0.61
2019-20,33,Ja Morant,MEM,67,2074,1193,447,937,47.7,60,179,33.5,239,308,77.6,51,208,259,488,58,18,220,110,1237,2.22,0.26
2019-20,34,Lou Williams,LAC,65,1864,1185,391,936,41.8,111,315,35.2,292,339,86.1,31,170,201,365,43,12,182,80,1032,2.00,0.24
2019-20,35,Dillon Brooks,MEM,73,2112,1181,435,1068,40.7,147,411,35.8,164,203,80.8,68,175,243,150,63,27,124,278,868,1.21,0.51
2019-20,36,Andrew Wiggins,GSW,54,1859,1175,437,978,44.7,111,334,33.2,190,268,70.9,66,208,274,198,45,53,132,127,994,1.50,0.34
2019-20,37,Montrezl Harrell,LAC,63,1749,1173,471,812,58.0,0,18,0.0,231,351,65.8,163,282,445,107,39,72,108,146,1267,0.99,0.36
2019-20,38,Joel Embiid,PHI,51,1506,1172,382,801,47.7,57,172,33.1,351,435,80.7,141,452,593,152,45,65,159,174,1365,0.96,0.28
2019-20,39,Jrue Holiday,NOP,61,2117,1167,458,1006,45.5,122,346,35.3,129,182,70.9,77,216,293,408,99,48,184,145,1230,2.22,0.54
2019-20,40,Kristaps Porzingis,DAL,57,1814,1164,398,932,42.7,142,403,35.2,226,283,79.9,100,440,540,102,41,115,92,185,1279,1.11,0.45
2019-20,41,Danilo Gallinari,OKC,62,1834,1160,358,817,43.8,178,439,40.5,266,298,89.3,34,288,322,119,42,5,76,75,1081,1.57,0.55
2019-20,42,Jaylen Brown,BOS,57,1934,1159,427,887,48.1,129,338,38.2,176,243,72.4,62,302,364,118,65,20,125,167,1074,0.94,0.52
2019-20,43,Jimmy Butler,MIA,58,1959,1157,345,758,45.5,29,119,24.4,438,525,83.4,106,280,386,350,103,32,127,81,1401,2.76,0.81
2019-20,44,Domantas Sabonis,IND,62,2159,1147,458,848,54.0,17,67,25.4,214,296,72.3,189,582,771,310,47,30,170,195,1663,1.82,0.28
2019-20,45,Bam Adebayo,MIA,72,2417,1146,440,790,55.7,2,14,14.3,264,382,69.1,176,559,735,368,82,93,204,182,1752,1.80,0.40
2019-20,46,Devonte' Graham,CHA,63,2211,1145,368,963,38.2,218,585,37.3,191,233,82.0,42,170,212,471,62,15,181,115,1087,2.60,0.34
2019-20,46,Kemba Walker,BOS,56,1742,1145,378,889,42.5,180,473,38.1,209,242,86.4,36,181,217,268,48,28,117,91,1045,2.29,0.41
2019-20,48,Terry Rozier,CHA,63,2165,1134,398,941,42.3,172,423,40.7,166,190,87.4,50,226,276,259,61,10,141,126,1032,1.84,0.43
2019-20,49,Kyle Lowry,TOR,58,2098,1126,334,803,41.6,164,466,35.2,294,343,85.7,32,260,292,433,82,26,178,190,1263,2.43,0.46
2019-20,50,Tim Hardaway Jr.,DAL,71,2091,1121,384,884,43.4,204,513,39.8,149,182,81.9,25,207,232,137,41,5,69,125,934,1.99,0.59
2020-21,1,Stephen Curry,GSW,63,2152,2015,658,1365,48.2,337,801,42.1,362,395,91.6,29,316,345,363,77,8,213,119,1855,1.70,0.36
2020-21,2,Damian Lillard,POR,67,2398,1928,602,1334,45.1,275,704,39.1,449,484,92.8,32,251,283,505,62,17,203,102,1825,2.49,0.30
2020-21,3,Nikola Jokic,DEN,72,2488,1898,732,1293,56.6,92,237,38.8,342,394,86.8,205,575,780,599,95,48,222,192,2585,2.70,0.43
2020-21,4,Bradley Beal,WAS,60,2147,1878,670,1382,48.5,130,373,34.9,408,459,88.9,72,211,283,265,69,22,187,140,1567,1.42,0.37
2020-21,5,Luka Doncic,DAL,66,2262,1830,647,1351,47.9,192,548,35.0,344,471,73.0,54,473,527,567,64,36,281,152,1912,2.02,0.23
2020-21,6,Giannis Antetokounmpo,MIL,61,2013,1717,626,1100,56.9,67,221,30.3,398,581,68.5,97,574,671,357,72,73,207,168,2026,1.73,0.35
2020-21,7,Devin Booker,PHX,67,2270,1712,623,1287,48.4,126,371,34.0,340,392,86.7,34,247,281,289,53,16,207,181,1428,1.40,0.26
2020-21,7,Julius Randle,NYK,71,2667,1712,602,1321,45.6,160,389,41.1,348,429,81.1,84,640,724,427,64,18,241,225,1904,1.77,0.27
2020-21,9,Jayson Tatum,BOS,64,2290,1692,605,1318,45.9,187,485,38.6,295,340,86.8,50,422,472,276,75,31,171,122,1617,1.61,0.44
2020-21,10,Zion Williamson,NOP,61,2026,1647,634,1037,61.1,10,34,29.4,369,529,69.8,167,274,441,226,57,39,167,135,1680,1.35,0.34
2020-21,11,Nikola Vucevic,CHI,70,2348,1639,666,1396,47.7,176,440,40.0,131,156,84.0,146,671,817,269,65,48,126,137,1957,2.13,0.52
2020-21,12,Trae Young,ATL,63,2125,1594,487,1112,43.8,136,397,34.3,484,546,88.6,38,207,245,594,53,12,261,111,1550,2.28,0.20
2020-21,13,Zach LaVine,CHI,58,2034,1591,569,1123,50.7,200,477,41.9,253,298,84.9,36,253,289,282,46,27,203,138,1433,1.39,0.23
2020-21,14,De'Aaron Fox,SAC,58,2036,1461,529,1110,47.7,103,320,32.2,300,417,71.9,33,170,203,417,87,27,174,170,1323,2.40,0.50
2020-21,15,Collin Sexton,CLE,60,2115,1460,525,1105,47.5,98,264,37.1,312,383,81.5,58,129,187,262,62,10,167,157,1163,1.57,0.37
2020-21,16,Joel Embiid,PHI,51,1585,1451,461,899,51.3,58,154,37.7,471,548,85.9,113,426,539,145,50,69,159,123,1580,0.91,0.31
2020-21,16,Kyrie Irving,BKN,54,1886,1451,549,1086,50.6,152,378,40.2,201,218,92.2,52,205,257,324,76,37,130,140,1461,2.49,0.58
2020-21,18,Brandon Ingram,NOP,61,2092,1450,513,1101,46.6,143,375,38.1,281,320,87.8,34,265,299,296,42,36,154,124,1342,1.92,0.27
2020-21,19,Russell Westbrook,WAS,65,2369,1445,544,1238,43.9,86,273,31.5,271,413,65.6,109,641,750,763,89,23,312,190,1922,2.45,0.28
2020-21,20,Jaylen Brown,BOS,58,1999,1430,538,1111,48.4,163,411,39.7,191,250,76.4,71,276,347,195,72,32,158,168,1286,1.23,0.46
2020-21,21,Terry Rozier,CHA,69,2383,1407,510,1134,45.0,222,571,38.9,165,202,81.7,47,255,302,293,87,26,128,119,1326,2.29,0.68
2020-21,22,Donovan Mitchell,UTA,53,1771,1401,478,1091,43.8,178,461,38.6,267,316,84.5,50,185,235,277,52,15,147,117,1171,1.88,0.35
2020-21,23,Anthony Edwards,MIN,72,2314,1392,505,1211,41.7,171,520,32.9,211,272,77.6,59,277,336,211,82,36,160,129,1130,1.32,0.51
2020-21,24,Khris Middleton,MIL,68,2269,1385,511,1074,47.6,151,365,41.4,212,236,89.8,54,352,406,370,74,9,178,160,1479,2.08,0.42
2020-21,25,Andrew Wiggins,GSW,71,2364,1320,505,1058,47.7,140,368,38.0,170,238,71.4,82,265,347,167,67,70,126,159,1224,1.32,0.53
2020-21,26,DeMar DeRozan,SAS,61,2056,1316,455,920,49.5,19,74,25.7,387,440,88.0,40,219,259,422,56,15,119,128,1431,3.55,0.47
2020-21,27,Kawhi Leonard,LAC,52,1772,1292,465,908,51.2,101,254,39.8,261,295,88.5,55,282,337,269,81,21,105,82,1418,2.56,0.77
2020-21,28,Norman Powell,POR,69,2206,1283,438,918,47.7,171,416,41.1,236,271,87.1,42,173,215,129,82,18,119,160,1093,1.08,0.69
2020-21,29,RJ Barrett,NYK,72,2511,1264,467,1060,44.1,124,309,40.1,206,276,74.6,68,346,414,217,53,20,139,188,1166,1.56,0.38
2020-21,30,Domantas Sabonis,IND,62,2231,1260,484,904,53.5,52,162,32.1,240,328,73.2,150,592,742,415,76,33,213,203,1805,1.95,0.36
2020-21,31,Paul George,LAC,54,1821,1259,445,953,46.7,171,416,41.1,198,228,86.8,45,314,359,280,62,24,179,132,1267,1.56,0.35
2020-21,32,Jordan Clarkson,UTA,68,1818,1251,457,1075,42.5,208,599,34.7,129,144,89.6,47,227,274,168,61,10,115,110,1016,1.46,0.53
2020-21,33,Karl-Anthony Towns,MIN,50,1689,1239,425,875,48.6,122,315,38.7,267,311,85.9,133,396,529,225,39,57,160,186,1435,1.41,0.24
2020-21,34,Bojan Bogdanovic,UTA,72,2216,1225,406,925,43.9,180,461,39.0,233,265,87.9,40,241,281,136,45,4,128,115,1012,1.06,0.35
2020-21,35,Tobias Harris,PHI,62,2014,1210,473,924,51.2,82,208,39.4,182,204,89.2,62,357,419,220,55,51,107,119,1375,2.06,0.51
2020-21,36,Jerami Grant,DET,54,1829,1205,400,932,42.9,115,329,35.0,290,343,84.5,35,215,250,152,35,58,109,125,1006,1.39,0.32
2020-21,37,Ja Morant,MEM,63,2053,1204,430,957,44.9,73,241,30.3,271,372,72.8,59,193,252,465,57,13,203,87,1160,2.29,0.28
2020-21,38,Bam Adebayo,MIA,64,2143,1197,456,800,57.0,2,8,25.0,283,354,79.9,142,431,573,346,75,66,169,145,1673,2.05,0.44
2020-21,39,Pascal Siakam,TOR,56,2006,1196,437,961,45.5,73,246,29.7,249,301,82.7,95,310,405,250,64,37,130,174,1246,1.92,0.49
2020-21,40,Malcolm Brogdon,IND,56,1930,1186,444,980,45.3,145,374,38.8,153,177,86.4,58,236,294,329,49,15,115,110,1198,2.86,0.43
2020-21,41,Buddy Hield,SAC,71,2433,1176,403,992,40.6,282,721,39.1,88,104,84.6,29,305,334,257,63,30,130,175,1125,1.98,0.48
2020-21,42,Tim Hardaway Jr.,DAL,70,1985,1163,407,911,44.7,207,529,39.1,142,174,81.6,20,209,229,126,31,11,64,111,960,1.97,0.48
2020-21,43,Michael Porter Jr.,DEN,61,1912,1162,443,817,54.2,170,382,44.5,106,134,79.1,91,354,445,70,40,54,77,126,1292,0.91,0.52
2020-21,44,Dillon Brooks,MEM,67,1997,1151,432,1031,41.9,128,372,34.4,159,195,81.5,53,143,196,157,78,26,119,237,854,1.32,0.66
2020-21,45,Chris Paul,PHX,70,2200,1149,439,879,49.9,102,258,39.5,169,181,93.4,25,287,312,622,99,19,156,166,1593,3.99,0.64
2020-21,46,LeBron James,LAL,45,1504,1126,422,823,51.3,104,285,36.5,178,255,69.8,29,317,346,350,48,25,168,70,1249,2.08,0.29
2020-21,47,Jimmy Butler,MIA,52,1745,1116,366,736,49.7,25,102,24.5,359,416,86.3,94,265,359,369,108,18,109,71,1434,3.38,0.99
2020-21,48,John Collins,ATL,63,1848,1111,429,771,55.6,83,208,39.9,170,204,83.3,118,349,467,78,34,63,84,193,1293,0.93,0.41
2020-21,49,CJ McCollum,POR,47,1600,1087,405,884,45.8,169,420,40.2,108,133,81.2,30,155,185,223,44,21,65,87,991,3.43,0.68
2020-21,50,James Harden,BKN,44,1609,1083,342,734,46.6,121,334,36.2,278,323,86.1,35,313,348,475,53,33,177,99,1378,2.68,0.30
2021-22,1,Trae Young,ATL,76,2652,2155,711,1544,46.0,233,610,38.2,500,553,90.4,50,234,284,737,72,7,303,128,2066,2.43,0.24
2021-22,2,DeMar DeRozan,CHI,76,2743,2118,774,1535,50.4,50,142,35.2,520,593,87.7,56,336,392,374,68,24,181,178,1961,2.07,0.38
2021-22,3,Joel Embiid,PHI,68,2296,2079,666,1334,49.9,93,251,37.1,654,803,81.4,146,650,796,284,77,99,214,181,2304,1.33,0.36
2021-22,4,Jayson Tatum,BOS,76,2731,2046,708,1564,45.3,230,651,35.3,400,469,85.3,85,524,609,334,75,49,217,174,1971,1.54,0.35
2021-22,5,Nikola Jokic,DEN,74,2476,2004,764,1311,58.3,97,288,33.7,379,468,81.0,206,813,1019,584,109,63,281,191,2862,2.08,0.39
2021-22,6,Giannis Antetokounmpo,MIL,67,2204,2002,689,1245,55.3,71,242,29.3,553,766,72.2,134,644,778,388,72,91,219,212,2343,1.77,0.33
2021-22,7,Luka Doncic,DAL,65,2301,1847,641,1403,45.7,201,569,35.3,364,489,74.4,56,537,593,568,75,36,292,145,1940,1.95,0.26
2021-22,8,Devin Booker,PHX,68,2345,1822,662,1421,46.6,183,478,38.3,315,363,86.8,45,297,342,329,77,26,162,180,1627,2.03,0.47
2021-22,9,Karl-Anthony Towns,MIN,74,2475,1818,642,1214,52.9,150,366,41.0,384,467,82.2,194,533,727,269,72,83,226,267,2088,1.19,0.32
2021-22,10,Donovan Mitchell,UTA,67,2266,1733,617,1376,44.8,232,654,35.5,267,313,85.3,55,227,282,358,99,12,200,164,1479,1.79,0.49
2021-22,11,LeBron James,LAL,56,2084,1695,640,1221,52.4,161,448,35.9,254,336,75.6,63,396,459,349,73,59,196,121,1776,1.78,0.37
2021-22,12,Kevin Durant,BKN,55,2047,1643,578,1115,51.8,115,300,38.3,372,409,91.0,29,378,407,351,48,52,191,113,1736,1.84,0.25
2021-22,13,Zach LaVine,CHI,67,2328,1635,565,1186,47.6,185,475,38.9,320,375,85.3,22,286,308,303,41,23,171,120,1463,1.77,0.24
2021-22,14,Stephen Curry,GSW,64,2211,1630,535,1224,43.7,285,750,38.0,275,298,92.3,34,301,335,404,85,23,206,130,1559,1.96,0.41
2021-22,15,Miles Bridges,CHA,80,2837,1613,596,1214,49.1,154,465,33.1,267,333,80.2,90,469,559,300,74,67,150,193,1779,2.00,0.49
2021-22,16,Ja Morant,MEM,57,1889,1564,580,1177,49.3,88,256,34.4,316,415,76.1,77,248,325,384,66,22,196,86,1469,1.96,0.34
2021-22,17,Jaylen Brown,BOS,66,2220,1559,576,1217,47.3,166,464,35.8,241,318,75.8,53,351,404,231,70,18,178,163,1386,1.30,0.39
2021-22,18,Pascal Siakam,TOR,68,2578,1551,596,1207,49.4,75,218,34.4,284,379,74.9,128,452,580,360,85,42,181,225,1731,1.99,0.47
2021-22,19,Anthony Edwards,MIN,72,2466,1533,549,1245,44.1,215,602,35.7,220,280,78.6,62,281,343,275,105,46,190,164,1356,1.45,0.55
2021-22,20,LaMelo Ball,CHA,75,2422,1508,538,1254,42.9,220,565,38.9,212,243,87.2,108,393,501,571,119,30,245,237,1737,2.33,0.49
2021-22,21,Darius Garland,CLE,68,2430,1473,542,1173,46.2,174,454,38.3,215,241,89.2,39,185,224,583,89,7,248,115,1471,2.35,0.36
2021-22,22,Julius Randle,NYK,72,2544,1447,512,1246,41.1,120,390,30.8,303,401,75.6,125,591,716,370,53,39,245,205,1548,1.51,0.22
2021-22,23,Russell Westbrook,LAL,78,2678,1441,548,1233,44.4,79,265,29.8,266,399,66.7,110,470,580,550,75,20,295,235,1553,1.86,0.25
2021-22,24,Dejounte Murray,SAS,68,2366,1438,573,1241,46.2,96,294,32.7,196,247,79.4,80,483,563,627,138,23,180,138,1890,3.48,0.77
2021-22,25,James Harden,PHI,65,2420,1432,407,992,41.0,148,448,33.0,470,536,87.7,55,445,500,667,82,36,284,153,1782,2.35,0.29
2021-22,26,Terry Rozier,CHA,73,2458,1408,518,1167,44.4,222,593,37.4,150,176,85.2,56,259,315,326,93,25,96,119,1396,3.40,0.97
2021-22,27,Jordan Poole,GSW,76,2283,1405,474,1058,44.8,211,580,36.4,246,266,92.5,34,226,260,304,60,23,187,206,1261,1.63,0.32
2021-22,28,RJ Barrett,NYK,70,2417,1402,487,1194,40.8,138,404,34.2,290,406,71.4,66,342,408,208,43,16,151,142,1103,1.38,0.28
2021-22,29,Desmond Bane,MEM,76,2266,1384,508,1101,46.1,228,523,43.6,140,155,90.3,46,288,334,208,92,29,111,196,1328,1.87,0.83
2021-22,30,Shai Gilgeous-Alexander,OKC,56,1942,1371,477,1052,45.3,89,297,30.0,328,405,81.0,37,241,278,331,71,46,154,142,1291,2.15,0.46
2021-22,31,CJ McCollum,NOP,62,2145,1370,536,1164,46.0,182,469,38.8,116,170,68.2,53,216,269,315,70,22,127,121,1237,2.48,0.55
2021-22,32,De'Aaron Fox,SAC,59,2083,1367,516,1092,47.3,74,249,29.7,261,348,75.0,25,206,231,330,68,25,168,172,1190,1.96,0.41
2021-22,32,Tyler Herro,MIA,66,2151,1367,501,1122,44.7,175,439,39.9,190,219,86.8,32,297,329,263,44,8,174,95,1187,1.51,0.25
2021-22,34,Khris Middleton,MIL,66,2141,1325,452,1021,44.3,162,434,37.3,259,291,89.0,41,315,356,358,76,18,190,160,1342,1.88,0.40
2021-22,35,Saddiq Bey,DET,82,2704,1321,450,1136,39.6,211,610,34.6,210,254,82.7,107,334,441,233,73,16,96,128,1258,2.43,0.76
2021-22,36,Fred VanVleet,TOR,65,2462,1320,442,1097,40.3,242,642,37.7,194,222,87.4,44,245,289,434,111,35,170,162,1336,2.55,0.65
2021-22,37,Jonas Valanciunas,NOP,74,2240,1314,510,938,54.4,57,158,36.1,237,289,82.0,226,617,843,190,41,60,179,247,1789,1.06,0.23
2021-22,38,Tyrese Maxey,PHI,75,2650,1311,483,995,48.5,132,309,42.7,213,246,86.6,26,214,240,321,55,32,88,156,1326,3.65,0.63
2021-22,39,Nikola Vucevic,CHI,73,2418,1288,546,1154,47.3,104,331,31.4,92,121,76.0,142,662,804,236,70,71,136,181,1696,1.74,0.52
2021-22,40,Jalen Brunson,DAL,79,2524,1285,506,1008,50.2,94,252,37.3,179,213,84.0,43,266,309,377,66,3,124,151,1380,3.04,0.53
2021-22,41,Gary Trent Jr.,TOR,70,2448,1283,450,1086,41.4,209,545,38.3,174,204,85.3,26,165,191,141,122,19,73,144,1017,1.93,1.67
2021-22,42,Keldon Johnson,SAS,75,2392,1278,471,1011,46.6,159,399,39.8,177,234,75.6,80,377,457,158,58,14,92,148,1276,1.72,0.63
2021-22,43,Jaren Jackson Jr.,MEM,78,2126,1272,430,1036,41.5,128,401,31.9,284,345,82.3,119,335,454,86,73,177,130,272,1265,0.66,0.56
2021-22,44,Jordan Clarkson,UTA,79,2141,1266,466,1113,41.9,190,597,31.8,144,174,82.8,67,206,273,194,66,16,129,149,1009,1.50,0.51
2021-22,45,Buddy Hield,IND,81,2499,1265,446,1098,40.6,262,716,36.6,111,127,87.4,66,287,353,229,73,25,153,184,1124,1.50,0.48
2021-22,45,Harrison Barnes,SAC,77,2587,1265,391,834,46.9,142,360,39.4,341,413,82.6,82,350,432,186,53,14,118,94,1317,1.58,0.45
2021-22,47,Reggie Jackson,LAC,75,2337,1263,479,1222,39.2,167,512,32.6,138,163,84.7,39,232,271,359,55,15,173,159,1022,2.08,0.32
2021-22,48,Tobias Harris,PHI,73,2543,1257,493,1022,48.2,101,275,36.7,170,202,84.2,77,419,496,252,47,43,116,164,1418,2.17,0.41
2021-22,49,Andrew Wiggins,GSW,73,2330,1256,475,1019,46.6,157,399,39.3,149,235,63.4,85,240,325,161,76,51,111,158,1128,1.45,0.69
2021-22,50,Bojan Bogdanovic,UTA,69,2131,1248,422,928,45.5,181,468,38.7,223,260,85.8,58,238,296,120,34,1,118,116,1038,1.02,0.29
2022-23,1,Jayson Tatum,BOS,61,2289,1851,604,1312,46.0,200,571,35.0,443,514,86.2,70,470,540,291,61,47,181,128,1830,1.61,0.34
2022-23,2,Luka Doncic,DAL,55,2005,1835,615,1220,50.4,153,437,35.0,452,613,73.7,47,431,478,444,80,27,202,146,1896,2.20,0.40
2022-23,3,Shai Gilgeous-Alexander,OKC,55,1955,1712,563,1108,50.8,48,141,34.0,538,593,90.7,50,213,263,311,92,59,159,149,1678,1.96,0.58
2022-23,4,Joel Embiid,PHI,51,1793,1692,560,1046,53.5,54,156,34.6,518,605,85.6,91,428,519,210,57,79,178,167,1806,1.18,0.32
2022-23,5,Damian Lillard,POR,52,1890,1687,508,1086,46.8,223,592,37.7,448,489,91.6,39,202,241,373,47,16,167,98,1578,2.23,0.28
2022-23,6,Julius Randle,NYK,66,2374,1677,571,1221,46.8,193,544,35.5,342,451,75.8,134,554,688,274,43,19,188,198,1754,1.46,0.23
2022-23,7,Anthony Edwards,MIN,66,2398,1623,587,1281,45.8,176,481,36.6,273,353,77.3,39,347,386,299,111,46,227,167,1464,1.32,0.49
2022-23,8,Giannis Antetokounmpo,MIL,52,1689,1621,574,1065,53.9,42,150,28.0,431,659,65.4,117,503,620,285,38,42,205,170,1682,1.39,0.18
2022-23,9,Donovan Mitchell,CLE,56,1990,1545,542,1133,47.8,204,528,38.6,257,293,87.7,54,177,231,266,84,23,149,133,1373,1.78,0.56
2022-23,9,Trae Young,ATL,58,2037,1545,486,1137,42.7,123,379,32.5,450,507,88.8,44,129,173,585,65,9,237,86,1432,2.47,0.27
2022-23,11,Zach LaVine,CHI,61,2193,1505,521,1093,47.7,170,446,38.1,293,347,84.4,33,254,287,241,57,14,158,135,1320,1.52,0.36
2022-23,12,DeMar DeRozan,CHI,59,2133,1478,537,1048,51.2,29,93,31.2,375,430,87.2,27,238,265,298,57,30,129,159,1433,2.31,0.44
2022-23,13,Lauri Markkanen,UTA,58,1988,1460,493,966,51.0,174,430,40.5,300,343,87.5,110,388,498,105,35,35,113,120,1504,0.93,0.31
2022-23,14,De'Aaron Fox,SAC,57,1948,1455,541,1051,51.5,88,270,32.6,285,361,78.9,29,214,243,359,65,18,152,141,1402,2.36,0.43
2022-23,14,Jalen Brunson,NYK,61,2146,1455,519,1066,48.7,117,285,41.1,300,360,83.3,37,183,220,378,55,15,123,138,1393,3.07,0.45
2022-23,16,Jaylen Brown,BOS,54,1960,1439,539,1109,48.6,134,400,33.5,227,294,77.2,67,313,380,179,64,25,165,146,1285,1.08,0.39
2022-23,17,Ja Morant,MEM,53,1722,1436,507,1094,46.3,85,269,31.6,337,453,74.4,60,257,317,434,59,13,180,88,1376,2.41,0.33
2022-23,18,LeBron James,LAL,47,1695,1388,532,1061,50.1,100,325,30.8,224,295,75.9,57,339,396,326,44,26,147,79,1433,2.22,0.30
2022-23,19,Nikola Jokic,DEN,56,1881,1372,523,825,63.4,45,113,39.8,281,343,81.9,131,530,661,561,70,37,198,147,2139,2.83,0.35
2022-23,20,Pascal Siakam,TOR,55,2062,1365,490,1030,47.6,77,226,34.1,308,399,77.2,102,322,424,332,48,30,140,184,1428,2.37,0.34
2022-23,21,Jordan Poole,GSW,65,1999,1352,451,1053,42.8,171,522,32.8,279,322,86.6,28,156,184,299,54,15,211,173,1048,1.42,0.26
2022-23,22,Kyrie Irving,DAL,49,1815,1327,486,988,49.2,159,417,38.1,196,220,89.1,51,197,248,272,51,37,110,138,1299,2.47,0.46
2022-23,23,Bam Adebayo,MIA,61,2137,1295,509,943,54.0,1,12,8.3,276,341,80.9,155,434,589,200,75,50,153,172,1557,1.31,0.49
2022-23,24,Bojan Bogdanovic,DET,59,1893,1273,430,882,48.8,145,353,41.1,268,303,88.4,36,187,223,152,34,8,135,113,1068,1.13,0.25
2022-23,25,Jordan Clarkson,UTA,61,1988,1271,458,1031,44.4,155,459,33.8,200,245,81.6,72,174,246,270,33,13,186,120,1029,1.45,0.18
2022-23,26,Dejounte Murray,ATL,60,2182,1262,509,1084,47.0,123,338,36.4,121,144,84.0,42,283,325,362,90,18,133,85,1326,2.72,0.68
2022-23,27,Jalen Green,HOU,58,1937,1256,424,1025,41.4,148,436,33.9,260,330,78.8,30,193,223,209,42,15,159,97,915,1.31,0.26
2022-23,28,Darius Garland,CLE,57,2003,1249,433,920,47.1,150,350,42.9,233,272,85.7,24,130,154,452,75,7,165,122,1246,2.74,0.46
2022-23,29,Jerami Grant,POR,60,2152,1246,419,881,47.6,138,343,40.2,270,330,81.8,50,215,265,144,49,53,112,147,1123,1.29,0.44
2022-23,30,Kyle Kuzma,WAS,58,2043,1240,467,1051,44.4,148,444,33.3,158,217,72.8,53,372,425,220,29,27,173,136,1125,1.27,0.17
2022-23,31,Kevin Durant,PHX,42,1501,1238,439,776,56.6,78,202,38.6,282,303,93.1,15,269,284,218,33,61,142,97,1334,1.53,0.23
2022-23,32,Kristaps Porzingis,WAS,54,1775,1233,405,829,48.9,110,293,37.5,313,369,84.8,103,363,466,141,47,84,120,165,1371,1.18,0.39
2022-23,33,Keldon Johnson,SAS,56,1825,1209,435,971,44.8,115,360,31.9,224,292,76.7,47,222,269,158,38,11,121,109,960,1.31,0.31
2022-23,34,CJ McCollum,NOP,57,2003,1202,450,1037,43.4,158,421,37.5,144,180,80.0,46,201,247,334,52,32,147,113,1097,2.27,0.35
2022-23,35,Anfernee Simons,POR,57,2010,1200,429,958,44.8,196,518,37.8,146,160,91.3,16,137,153,236,40,13,122,133,977,1.93,0.33
2022-23,35,Franz Wagner,ORL,64,2102,1200,433,889,48.7,109,291,37.5,225,269,83.6,56,192,248,219,58,13,135,147,1103,1.62,0.43
2022-23,35,Mikal Bridges,BKN,65,2354,1200,435,915,47.5,123,305,40.3,207,230,90.0,70,226,296,229,75,51,92,132,1256,2.49,0.81
2022-23,38,Paul George,LAC,50,1713,1186,404,879,46.0,145,385,37.7,233,265,87.9,38,273,311,259,71,17,160,139,1177,1.62,0.44
2022-23,39,Klay Thompson,GSW,53,1734,1172,420,976,43.0,230,563,40.9,102,114,89.5,34,183,217,134,36,18,94,102,915,1.43,0.38
2022-23,40,Terry Rozier,CHA,55,1963,1170,429,1041,41.2,149,447,33.3,163,200,81.5,47,181,228,265,60,13,120,100,967,2.21,0.50
2022-23,41,Paolo Banchero,ORL,58,1954,1158,384,907,42.3,64,235,27.2,326,434,75.1,66,317,383,209,53,30,157,131,1045,1.33,0.34
2022-23,42,Domantas Sabonis,SAC,61,2103,1155,437,710,61.5,25,70,35.7,256,334,76.6,183,571,754,422,51,28,179,224,1880,2.36,0.28
2022-23,42,RJ Barrett,NYK,59,2017,1155,409,948,43.1,105,318,33.0,232,310,74.8,52,253,305,164,28,10,134,152,911,1.22,0.21
2022-23,44,Stephen Curry,GSW,39,1345,1146,380,771,49.3,190,446,42.6,196,212,92.5,22,221,243,250,38,15,124,85,1161,2.02,0.31
2022-23,45,Nikola Vucevic,CHI,65,2199,1143,470,917,51.3,103,297,34.7,100,123,81.3,130,601,731,214,46,52,112,145,1604,1.91,0.41
2022-23,46,Buddy Hield,IND,66,2105,1140,402,879,45.7,246,576,42.7,90,108,83.3,57,270,327,179,76,19,119,134,1127,1.50,0.64
2022-23,47,Jimmy Butler,MIA,51,1696,1119,366,702,52.1,27,81,33.3,360,424,84.9,117,193,310,263,98,16,87,64,1319,3.02,1.13
2022-23,48,Bennedict Mathurin,IND,66,1857,1114,354,826,42.9,88,278,31.7,318,384,82.8,73,196,269,94,40,8,119,135,868,0.79,0.34
2022-23,49,Spencer Dinwiddie,BKN,63,2151,1111,371,828,44.8,157,404,38.9,212,257,82.5,23,182,205,347,52,19,112,147,1120,3.10,0.46
2022-23,50,Tyrese Haliburton,IND,53,1783,1093,389,795,48.9,156,383,40.7,159,184,86.4,32,164,196,544,89,24,134,65,1381,4.06,0.66
